transaction_id,transaction_date,amount,vendor_id,vendor_name,vendor_country,department,invoice_id,payment_method,approver_id,approval_limit
1,2025-01-27,142.79,111,Oceanic Trading,KY,Finance,INV-111-10001,ACH,A300,5000
2,2025-03-01,102.45,111,Oceanic Trading,KY,Marketing,INV-111-10002,ACH,A400,10000
3,2025-04-18,637.17,109,PrimeSource LLC,US,Sales,INV-109-10003,ACH,A200,2500
4,2025-04-19,160.5,104,Dell,US,HR,INV-104-10004,Check,A100,1000
5,2025-01-24,11731.89,106,FedEx,US,IT,INV-106-10005,Wire,A200,2500
6,2025-04-28,730.27,107,UPS,US,Finance,INV-107-10006,Check,A300,5000
7,2025-06-08,749.88,109,PrimeSource LLC,US,Finance,INV-109-10007,Card,A100,1000
8,2025-03-16,220.55,106,FedEx,US,Sales,INV-106-10008,Wire,A100,1000
9,2025-04-04,579.4,102,Staples,US,Operations,INV-102-10009,ACH,A400,10000
10,2025-06-24,637.6,103,Office Depot,US,IT,INV-103-10010,Check,A200,2500
11,2025-06-13,353.92,111,Oceanic Trading,KY,Finance,INV-111-10011,Wire,A200,2500
12,2025-02-28,4081.6,112,Unknown Vendor,CN,Sales,INV-112-10012,Wire,A300,5000
13,2025-05-26,823.56,101,Amazon Business,US,IT,INV-101-10013,Card,A300,5000
14,2025-04-28,824.8,112,Unknown Vendor,CN,IT,INV-112-10014,Wire,A400,10000
15,2025-05-30,494.3,103,Office Depot,US,IT,INV-103-10015,Wire,A200,2500
16,2025-05-11,897.83,107,UPS,US,Sales,INV-107-10016,Card,A300,5000
17,2025-06-24,160.78,108,QuickFix Consulting,US,Finance,INV-108-10017,ACH,A100,1000
18,2025-05-16,896.59,107,UPS,US,Sales,INV-107-10018,ACH,A400,10000
19,2025-03-10,492.53,105,Microsoft,US,Sales,INV-105-10019,ACH,A100,1000
20,2025-03-09,419.28,111,Oceanic Trading,KY,IT,INV-111-10020,ACH,A300,5000
21,2025-02-20,2981.42,109,PrimeSource LLC,US,Operations,INV-109-10021,ACH,A300,5000
22,2025-01-29,449.97,103,Office Depot,US,IT,INV-103-10022,Wire,A100,1000
23,2025-01-21,519.27,106,FedEx,US,IT,INV-106-10023,Wire,A100,1000
24,2025-02-02,15654.12,102,Staples,US,Marketing,INV-102-10024,Card,A100,1000
25,2025-04-19,787.74,103,Office Depot,US,Marketing,INV-103-10025,Card,A200,2500
26,2025-04-06,611.08,104,Dell,US,Sales,INV-104-10026,Wire,A300,5000
27,2025-01-06,76.34,108,QuickFix Consulting,US,Sales,INV-108-10027,Card,A100,1000
28,2025-01-16,642.9,110,Global Supplies HK,HK,Sales,INV-110-10028,Wire,A200,2500
29,2025-06-21,229.44,104,Dell,US,Finance,INV-104-10029,ACH,A300,5000
30,2025-04-15,436.22,108,QuickFix Consulting,US,Operations,INV-108-10030,Wire,A400,10000
31,2025-01-14,381.77,104,Dell,US,Finance,INV-104-10031,ACH,A400,10000
32,2025-01-28,318.59,111,Oceanic Trading,KY,Marketing,INV-111-10032,ACH,A100,1000
33,2025-04-29,181.47,104,Dell,US,Operations,INV-104-10033,Wire,A400,10000
34,2025-01-04,899.37,104,Dell,US,Finance,INV-104-10034,Card,A100,1000
35,2025-04-13,208.1,102,Staples,US,Operations,INV-102-10035,Wire,A400,10000
36,2025-04-27,10304.06,101,Amazon Business,US,Operations,INV-101-10036,Card,A100,1000
37,2025-01-15,211.58,105,Microsoft,US,HR,INV-105-10037,Card,A200,2500
38,2025-05-09,534.08,110,Global Supplies HK,HK,Marketing,INV-110-10038,ACH,A300,5000
39,2025-01-18,1180.94,109,PrimeSource LLC,US,Operations,INV-109-10039,ACH,A100,1000
40,2025-05-29,3235.67,111,Oceanic Trading,KY,Operations,INV-111-10040,Card,A100,1000
41,2025-03-22,517.4,110,Global Supplies HK,HK,Finance,INV-110-10041,ACH,A400,10000
42,2025-06-15,135.17,105,Microsoft,US,Operations,INV-105-10042,Check,A200,2500
43,2025-05-25,566.62,105,Microsoft,US,HR,INV-105-10043,Check,A100,1000
44,2025-01-18,327.13,102,Staples,US,Finance,INV-102-10044,Wire,A300,5000
45,2025-03-19,498.03,104,Dell,US,IT,INV-104-10045,Check,A200,2500
46,2025-02-04,1324.7,110,Global Supplies HK,HK,Marketing,INV-110-10046,ACH,A300,5000
47,2025-03-29,552.25,105,Microsoft,US,Finance,INV-105-10047,ACH,A200,2500
48,2025-01-14,819.18,104,Dell,US,Marketing,INV-104-10048,Check,A400,10000
49,2025-02-03,313.53,102,Staples,US,Marketing,INV-102-10049,Card,A300,5000
50,2025-01-03,396.36,111,Oceanic Trading,KY,IT,INV-111-10050,Wire,A400,10000
51,2025-02-07,3288.29,102,Staples,US,Finance,INV-102-10051,Wire,A100,1000
52,2025-01-11,841.12,107,UPS,US,Operations,INV-107-10052,ACH,A300,5000
53,2025-04-15,512.7,106,FedEx,US,Operations,INV-106-10053,Wire,A100,1000
54,2025-02-15,4902.44,110,Global Supplies HK,HK,Marketing,INV-110-10054,Wire,A200,2500
55,2025-06-21,382.31,107,UPS,US,Finance,INV-107-10055,Wire,A300,5000
56,2025-01-10,115.12,112,Unknown Vendor,CN,Operations,INV-112-10056,Check,A200,2500
57,2025-02-28,742.07,108,QuickFix Consulting,US,Operations,INV-108-10057,Wire,A400,10000
58,2025-03-13,780.63,104,Dell,US,Finance,INV-104-10058,Wire,A400,10000
59,2025-03-08,1372.9,106,FedEx,US,Marketing,INV-106-10059,Card,A300,5000
60,2025-03-22,402.42,103,Office Depot,US,Sales,INV-103-10060,Check,A100,1000
61,2025-01-12,1679.32,107,UPS,US,Sales,INV-107-10061,ACH,A400,10000
62,2025-06-20,81.58,112,Unknown Vendor,CN,HR,INV-112-10062,ACH,A200,2500
63,2025-03-21,284.28,106,FedEx,US,Sales,INV-106-10063,Check,A100,1000
64,2025-02-19,507.88,111,Oceanic Trading,KY,HR,INV-111-10064,Check,A400,10000
65,2025-05-21,284.84,107,UPS,US,Marketing,INV-107-10065,Card,A200,2500
66,2025-06-17,530.39,101,Amazon Business,US,IT,INV-101-10066,Check,A200,2500
67,2025-02-13,469.83,106,FedEx,US,HR,INV-106-10067,Card,A400,10000
68,2025-03-02,857.76,111,Oceanic Trading,KY,Finance,INV-111-10068,Check,A300,5000
69,2025-05-02,4449.24,111,Oceanic Trading,KY,IT,INV-111-10069,Wire,A200,2500
70,2025-06-28,3260.25,110,Global Supplies HK,HK,Finance,INV-110-10070,Card,A400,10000
71,2025-01-28,625.11,107,UPS,US,HR,INV-107-10071,Card,A200,2500
72,2025-02-01,239.29,107,UPS,US,Operations,INV-107-10072,Wire,A400,10000
73,2025-06-06,22828.52,108,QuickFix Consulting,US,Operations,INV-108-10073,Card,A300,5000
74,2025-05-02,3948.99,112,Unknown Vendor,CN,Sales,INV-112-10074,Card,A400,10000
75,2025-06-10,478.74,108,QuickFix Consulting,US,IT,INV-108-10075,Wire,A300,5000
76,2025-03-27,226.35,104,Dell,US,IT,INV-104-10076,Card,A100,1000
77,2025-02-09,357.07,106,FedEx,US,Sales,INV-106-10077,ACH,A200,2500
78,2025-04-17,497.5,112,Unknown Vendor,CN,Operations,INV-112-10078,ACH,A400,10000
79,2025-06-28,3294.73,101,Amazon Business,US,Operations,INV-101-10079,Card,A400,10000
80,2025-04-10,329.55,101,Amazon Business,US,Sales,INV-101-10080,Card,A400,10000
81,2025-01-08,403.54,107,UPS,US,Sales,INV-107-10081,Wire,A400,10000
82,2025-06-09,4670.12,107,UPS,US,IT,INV-107-10082,Card,A200,2500
83,2025-04-29,397.18,109,PrimeSource LLC,US,Finance,INV-109-10083,Card,A100,1000
84,2025-03-28,420.14,103,Office Depot,US,Finance,INV-103-10084,Check,A400,10000
85,2025-05-19,2828.26,107,UPS,US,IT,INV-107-10085,Card,A300,5000
86,2025-01-08,593.54,101,Amazon Business,US,IT,INV-101-10086,Wire,A100,1000
87,2025-01-30,436.73,104,Dell,US,Operations,INV-104-10087,ACH,A200,2500
88,2025-06-05,167.65,110,Global Supplies HK,HK,Operations,INV-110-10088,Card,A300,5000
89,2025-01-07,7161.97,112,Unknown Vendor,CN,Marketing,INV-112-10089,ACH,A200,2500
90,2025-06-01,1713.15,105,Microsoft,US,Sales,INV-105-10090,Card,A400,10000
91,2025-06-25,285.39,112,Unknown Vendor,CN,Marketing,INV-112-10091,Wire,A100,1000
92,2025-01-18,602.14,110,Global Supplies HK,HK,Finance,INV-110-10092,ACH,A300,5000
93,2025-01-28,4271.56,109,PrimeSource LLC,US,Marketing,INV-109-10093,Check,A100,1000
94,2025-06-16,665.74,107,UPS,US,IT,INV-107-10094,Card,A200,2500
95,2025-03-10,663.3,105,Microsoft,US,Sales,INV-105-10095,Card,A400,10000
96,2025-04-29,1899.84,106,FedEx,US,Operations,INV-106-10096,ACH,A300,5000
97,2025-02-16,768.84,110,Global Supplies HK,HK,Sales,INV-110-10097,Card,A300,5000
98,2025-06-29,794.68,108,QuickFix Consulting,US,Operations,INV-108-10098,Check,A300,5000
99,2025-05-06,653.67,105,Microsoft,US,Sales,INV-105-10099,ACH,A200,2500
100,2025-03-17,35.17,109,PrimeSource LLC,US,Operations,INV-109-10100,Card,A400,10000
101,2025-05-22,344.74,104,Dell,US,HR,INV-104-10101,Wire,A300,5000
102,2025-03-20,419.3,109,PrimeSource LLC,US,IT,INV-109-10102,Card,A300,5000
103,2025-06-26,673.74,105,Microsoft,US,Operations,INV-105-10103,ACH,A200,2500
104,2025-05-15,538.84,103,Office Depot,US,Operations,INV-103-10104,Wire,A400,10000
105,2025-03-19,337.58,110,Global Supplies HK,HK,IT,INV-110-10105,ACH,A200,2500
106,2025-03-16,67.98,101,Amazon Business,US,Marketing,INV-101-10106,Wire,A300,5000
107,2025-05-01,3253.66,112,Unknown Vendor,CN,Operations,INV-112-10107,Card,A100,1000
108,2025-05-03,10049.57,108,QuickFix Consulting,US,HR,INV-108-10108,Check,A200,2500
109,2025-01-14,573.91,102,Staples,US,Finance,INV-102-10109,Card,A400,10000
110,2025-04-17,7369.03,103,Office Depot,US,Operations,INV-103-10110,Check,A100,1000
111,2025-05-31,409.59,110,Global Supplies HK,HK,Sales,INV-110-10111,Wire,A400,10000
112,2025-02-24,5126.01,107,UPS,US,IT,INV-107-10112,ACH,A100,1000
113,2025-02-10,505.75,105,Microsoft,US,Marketing,INV-105-10113,ACH,A200,2500
114,2025-06-30,223.7,101,Amazon Business,US,HR,INV-101-10114,Card,A400,10000
115,2025-06-10,833.04,105,Microsoft,US,Marketing,INV-105-10115,Card,A100,1000
116,2025-02-08,217.83,110,Global Supplies HK,HK,Marketing,INV-110-10116,Wire,A400,10000
117,2025-05-26,290.7,105,Microsoft,US,Operations,INV-105-10117,ACH,A100,1000
118,2025-03-11,635.77,105,Microsoft,US,HR,INV-105-10118,ACH,A400,10000
119,2025-04-21,55.08,109,PrimeSource LLC,US,Sales,INV-109-10119,Card,A400,10000
120,2025-05-28,866.48,112,Unknown Vendor,CN,IT,INV-112-10120,Check,A100,1000
121,2025-05-13,174.17,110,Global Supplies HK,HK,Finance,INV-110-10121,Check,A100,1000
122,2025-05-06,13717.7,111,Oceanic Trading,KY,HR,INV-111-10122,Check,A200,2500
123,2025-02-11,609.72,102,Staples,US,HR,INV-102-10123,Check,A400,10000
124,2025-05-21,372.4,106,FedEx,US,HR,INV-106-10124,Card,A300,5000
125,2025-04-14,122.01,101,Amazon Business,US,HR,INV-101-10125,ACH,A300,5000
126,2025-06-09,476.23,109,PrimeSource LLC,US,Finance,INV-109-10126,Card,A400,10000
127,2025-03-15,503.31,108,QuickFix Consulting,US,Marketing,INV-108-10127,Card,A100,1000
128,2025-03-03,574.42,108,QuickFix Consulting,US,Marketing,INV-108-10128,Card,A100,1000
129,2025-01-30,4167.37,112,Unknown Vendor,CN,Operations,INV-112-10129,Check,A100,1000
130,2025-06-30,2096.63,108,QuickFix Consulting,US,Finance,INV-108-10130,Wire,A400,10000
131,2025-04-09,505.11,105,Microsoft,US,HR,INV-105-10131,Card,A400,10000
132,2025-04-17,715.21,104,Dell,US,Sales,INV-104-10132,Wire,A100,1000
133,2025-05-31,282.73,106,FedEx,US,Sales,INV-106-10133,Check,A100,1000
134,2025-03-27,6434.969999999999,110,Global Supplies HK,HK,Marketing,INV-110-10134,Card,A200,2500
135,2025-06-28,4465.37,109,PrimeSource LLC,US,Sales,INV-109-10135,Card,A400,10000
136,2025-03-23,2584.18,104,Dell,US,Sales,INV-104-10136,Card,A200,2500
137,2025-06-16,20847.87,112,Unknown Vendor,CN,HR,INV-112-10137,Card,A400,10000
138,2025-01-26,539.36,103,Office Depot,US,HR,INV-103-10138,ACH,A200,2500
139,2025-06-17,380.78,108,QuickFix Consulting,US,Finance,INV-108-10139,Card,A100,1000
140,2025-06-16,629.58,103,Office Depot,US,Finance,INV-103-10140,Card,A300,5000
141,2025-05-05,800.95,102,Staples,US,IT,INV-102-10141,Card,A300,5000
142,2025-02-28,830.42,109,PrimeSource LLC,US,Finance,INV-109-10142,ACH,A200,2500
143,2025-01-26,639.42,112,Unknown Vendor,CN,Finance,INV-112-10143,Card,A100,1000
144,2025-03-17,720.61,108,QuickFix Consulting,US,Operations,INV-108-10144,Check,A100,1000
145,2025-06-24,382.61,106,FedEx,US,IT,INV-106-10145,Card,A200,2500
146,2025-06-24,356.64,103,Office Depot,US,Operations,INV-103-10146,Wire,A100,1000
147,2025-03-07,243.5,104,Dell,US,HR,INV-104-10147,Wire,A200,2500
148,2025-04-24,159.02,111,Oceanic Trading,KY,Finance,INV-111-10148,Card,A300,5000
149,2025-03-19,422.02,106,FedEx,US,Sales,INV-106-10149,Check,A400,10000
150,2025-05-28,4901.17,104,Dell,US,HR,INV-104-10150,Card,A100,1000
151,2025-03-12,18164.6,105,Microsoft,US,Marketing,INV-105-10151,Check,A100,1000
152,2025-02-28,4602.03,101,Amazon Business,US,Sales,INV-101-10152,ACH,A400,10000
153,2025-06-18,616.43,110,Global Supplies HK,HK,IT,INV-110-10153,Wire,A200,2500
154,2025-05-29,407.92,111,Oceanic Trading,KY,Operations,INV-111-10154,ACH,A100,1000
155,2025-04-17,2239.55,106,FedEx,US,Marketing,INV-106-10155,Wire,A100,1000
156,2025-02-12,823.87,103,Office Depot,US,Operations,INV-103-10156,Wire,A300,5000
157,2025-01-20,2820.16,105,Microsoft,US,HR,INV-105-10157,Check,A300,5000
158,2025-03-09,367.23,103,Office Depot,US,Operations,INV-103-10158,Card,A300,5000
159,2025-05-30,611.66,109,PrimeSource LLC,US,Finance,INV-109-10159,Card,A300,5000
160,2025-06-08,434.9,107,UPS,US,Marketing,INV-107-10160,Check,A100,1000
161,2025-06-29,428.56,109,PrimeSource LLC,US,IT,INV-109-10161,Wire,A100,1000
162,2025-03-19,852.71,105,Microsoft,US,Marketing,INV-105-10162,Card,A100,1000
163,2025-04-27,1456.22,108,QuickFix Consulting,US,Finance,INV-108-10163,ACH,A200,2500
164,2025-05-06,3585.18,106,FedEx,US,Marketing,INV-106-10164,Card,A200,2500
165,2025-04-24,211.2,110,Global Supplies HK,HK,HR,INV-110-10165,Check,A100,1000
166,2025-04-02,880.5,104,Dell,US,IT,INV-104-10166,ACH,A300,5000
167,2025-04-27,23980.22,101,Amazon Business,US,HR,INV-101-10167,Check,A200,2500
168,2025-02-02,313.49,102,Staples,US,Marketing,INV-102-10168,Wire,A100,1000
169,2025-03-01,735.49,110,Global Supplies HK,HK,Operations,INV-110-10169,ACH,A200,2500
170,2025-02-03,1493.22,106,FedEx,US,Operations,INV-106-10170,ACH,A300,5000
171,2025-01-04,42.69,109,PrimeSource LLC,US,IT,INV-109-10171,Wire,A100,1000
172,2025-04-18,66.11,106,FedEx,US,Operations,INV-106-10172,Check,A100,1000
173,2025-06-01,338.59,109,PrimeSource LLC,US,Finance,INV-109-10173,ACH,A400,10000
174,2025-06-18,819.7,102,Staples,US,HR,INV-102-10174,Wire,A100,1000
175,2025-04-13,441.5,109,PrimeSource LLC,US,IT,INV-109-10175,Card,A100,1000
176,2025-01-21,14875.18,107,UPS,US,Marketing,INV-107-10176,ACH,A400,10000
177,2025-05-30,569.4,106,FedEx,US,Sales,INV-106-10177,Wire,A100,1000
178,2025-04-27,15611.14,109,PrimeSource LLC,US,Marketing,INV-109-10178,Check,A400,10000
179,2025-06-17,120.68,109,PrimeSource LLC,US,Sales,INV-109-10179,Card,A100,1000
180,2025-03-28,221.07,111,Oceanic Trading,KY,Sales,INV-111-10180,Wire,A400,10000
181,2025-03-07,295.02,108,QuickFix Consulting,US,HR,INV-108-10181,Card,A100,1000
182,2025-04-21,95.12,106,FedEx,US,Operations,INV-106-10182,Card,A100,1000
183,2025-05-24,536.09,102,Staples,US,Marketing,INV-102-10183,Check,A200,2500
184,2025-04-19,605.5,109,PrimeSource LLC,US,IT,INV-109-10184,ACH,A400,10000
185,2025-02-24,528.57,112,Unknown Vendor,CN,Finance,INV-112-10185,Check,A300,5000
186,2025-05-23,2335.47,103,Office Depot,US,Marketing,INV-103-10186,Card,A200,2500
187,2025-06-09,4365.14,106,FedEx,US,Finance,INV-106-10187,Check,A200,2500
188,2025-03-21,260.48,110,Global Supplies HK,HK,Marketing,INV-110-10188,ACH,A300,5000
189,2025-04-13,3221.92,106,FedEx,US,IT,INV-106-10189,ACH,A200,2500
190,2025-04-18,209.32,102,Staples,US,Operations,INV-102-10190,ACH,A100,1000
191,2025-05-26,305.46,108,QuickFix Consulting,US,IT,INV-108-10191,Wire,A300,5000
192,2025-06-22,563.7,110,Global Supplies HK,HK,Finance,INV-110-10192,ACH,A200,2500
193,2025-03-11,409.0,102,Staples,US,IT,INV-102-10193,Card,A400,10000
194,2025-06-23,269.26,104,Dell,US,Sales,INV-104-10194,ACH,A300,5000
195,2025-01-15,886.31,110,Global Supplies HK,HK,HR,INV-110-10195,Check,A100,1000
196,2025-03-16,692.46,101,Amazon Business,US,Operations,INV-101-10196,Check,A200,2500
197,2025-04-08,174.61,106,FedEx,US,Finance,INV-106-10197,ACH,A400,10000
198,2025-01-11,778.35,109,PrimeSource LLC,US,Marketing,INV-109-10198,Wire,A300,5000
199,2025-05-27,1236.58,107,UPS,US,Finance,INV-107-10199,Card,A100,1000
200,2025-03-25,38.35,107,UPS,US,Marketing,INV-107-10200,Card,A300,5000
201,2025-03-04,763.15,103,Office Depot,US,Sales,INV-103-10201,Card,A300,5000
202,2025-03-28,293.04,107,UPS,US,Sales,INV-107-10202,Card,A100,1000
203,2025-05-11,120.34,104,Dell,US,IT,INV-104-10203,Wire,A100,1000
204,2025-02-20,148.87,104,Dell,US,IT,INV-104-10204,Check,A200,2500
205,2025-05-07,700.11,103,Office Depot,US,Sales,INV-103-10205,Wire,A100,1000
206,2025-02-08,3471.59,108,QuickFix Consulting,US,Sales,INV-108-10206,Card,A300,5000
207,2025-06-01,720.77,108,QuickFix Consulting,US,Finance,INV-108-10207,Card,A400,10000
208,2025-04-05,53.09,101,Amazon Business,US,IT,INV-101-10208,ACH,A300,5000
209,2025-01-11,507.8,105,Microsoft,US,Finance,INV-105-10209,ACH,A400,10000
210,2025-01-16,461.2,108,QuickFix Consulting,US,Sales,INV-108-10210,Wire,A300,5000
211,2025-03-05,171.85,108,QuickFix Consulting,US,Finance,INV-108-10211,Check,A100,1000
212,2025-04-10,827.78,112,Unknown Vendor,CN,HR,INV-112-10212,Card,A200,2500
213,2025-06-23,103.17,107,UPS,US,IT,INV-107-10213,ACH,A300,5000
214,2025-02-06,532.81,107,UPS,US,IT,INV-107-10214,Check,A200,2500
215,2025-03-21,845.44,106,FedEx,US,IT,INV-106-10215,Card,A200,2500
216,2025-06-25,749.48,109,PrimeSource LLC,US,HR,INV-109-10216,Check,A200,2500
217,2025-02-24,291.8,109,PrimeSource LLC,US,Finance,INV-109-10217,Card,A300,5000
218,2025-03-17,8098.9,106,FedEx,US,HR,INV-106-10218,Wire,A200,2500
219,2025-06-02,3433.93,102,Staples,US,Sales,INV-102-10219,ACH,A300,5000
220,2025-02-12,4061.5,107,UPS,US,Operations,INV-107-10220,Wire,A200,2500
221,2025-04-24,653.24,112,Unknown Vendor,CN,HR,INV-112-10221,ACH,A400,10000
222,2025-05-01,292.33,110,Global Supplies HK,HK,IT,INV-110-10222,Card,A200,2500
223,2025-05-09,704.75,104,Dell,US,IT,INV-104-10223,Card,A400,10000
224,2025-03-06,1467.43,109,PrimeSource LLC,US,HR,INV-109-10224,Wire,A200,2500
225,2025-05-13,110.28,101,Amazon Business,US,Marketing,INV-101-10225,Card,A300,5000
226,2025-02-07,816.67,102,Staples,US,IT,INV-102-10226,ACH,A200,2500
227,2025-04-17,4714.93,107,UPS,US,Finance,INV-107-10227,Wire,A400,10000
228,2025-02-27,91.81,101,Amazon Business,US,HR,INV-101-10228,Check,A200,2500
229,2025-03-15,141.09,101,Amazon Business,US,IT,INV-101-10229,ACH,A300,5000
230,2025-01-21,24.62,108,QuickFix Consulting,US,Marketing,INV-108-10230,Wire,A400,10000
231,2025-05-16,659.97,101,Amazon Business,US,IT,INV-101-10231,Wire,A200,2500
232,2025-04-18,62.02,107,UPS,US,Finance,INV-107-10232,Check,A200,2500
233,2025-06-02,816.53,111,Oceanic Trading,KY,Sales,INV-111-10233,Card,A100,1000
234,2025-04-01,21.38,109,PrimeSource LLC,US,Finance,INV-109-10234,Wire,A200,2500
235,2025-04-03,95.34,104,Dell,US,Sales,INV-104-10235,Card,A200,2500
236,2025-04-10,1078.49,102,Staples,US,Sales,INV-102-10236,ACH,A400,10000
237,2025-06-18,323.43,106,FedEx,US,IT,INV-106-10237,ACH,A300,5000
238,2025-06-14,500.49,111,Oceanic Trading,KY,Finance,INV-111-10238,Check,A200,2500
239,2025-01-17,734.12,103,Office Depot,US,Marketing,INV-103-10239,Card,A400,10000
240,2025-01-11,716.18,112,Unknown Vendor,CN,HR,INV-112-10240,ACH,A300,5000
241,2025-02-18,682.9,106,FedEx,US,IT,INV-106-10241,Card,A400,10000
242,2025-04-22,723.42,105,Microsoft,US,IT,INV-105-10242,ACH,A300,5000
243,2025-06-27,184.4,107,UPS,US,Marketing,INV-107-10243,Card,A400,10000
244,2025-06-04,89.46,108,QuickFix Consulting,US,IT,INV-108-10244,Check,A100,1000
245,2025-03-17,308.57,103,Office Depot,US,Sales,INV-103-10245,Check,A300,5000
246,2025-01-11,329.36,105,Microsoft,US,HR,INV-105-10246,Card,A200,2500
247,2025-01-15,716.5,112,Unknown Vendor,CN,IT,INV-112-10247,Card,A300,5000
248,2025-02-10,679.91,102,Staples,US,Marketing,INV-102-10248,Card,A300,5000
249,2025-06-15,227.68,101,Amazon Business,US,Operations,INV-101-10249,Card,A100,1000
250,2025-04-05,617.57,106,FedEx,US,IT,INV-106-10250,Card,A100,1000
251,2025-06-16,370.27,106,FedEx,US,HR,INV-106-10251,ACH,A200,2500
252,2025-04-10,459.16,105,Microsoft,US,Operations,INV-105-10252,ACH,A100,1000
253,2025-06-06,208.82,109,PrimeSource LLC,US,Finance,INV-109-10253,Check,A300,5000
254,2025-04-26,770.49,105,Microsoft,US,Marketing,INV-105-10254,Card,A200,2500
255,2025-03-23,4867.0,103,Office Depot,US,Marketing,INV-103-10255,Card,A100,1000
256,2025-06-29,4390.58,111,Oceanic Trading,KY,IT,INV-111-10256,ACH,A300,5000
257,2025-02-05,196.86,111,Oceanic Trading,KY,Operations,INV-111-10257,Check,A200,2500
258,2025-05-22,344.64,104,Dell,US,HR,INV-104-10258,ACH,A300,5000
259,2025-05-03,899.64,103,Office Depot,US,Sales,INV-103-10259,ACH,A100,1000
260,2025-01-19,298.98,109,PrimeSource LLC,US,HR,INV-109-10260,Card,A100,1000
261,2025-06-13,4099.08,108,QuickFix Consulting,US,HR,INV-108-10261,Check,A200,2500
262,2025-02-01,784.03,110,Global Supplies HK,HK,Operations,INV-110-10262,Wire,A400,10000
263,2025-02-27,842.57,109,PrimeSource LLC,US,Operations,INV-109-10263,Check,A200,2500
264,2025-05-22,578.85,106,FedEx,US,Sales,INV-106-10264,Check,A100,1000
265,2025-05-29,168.4,105,Microsoft,US,Operations,INV-105-10265,Check,A100,1000
266,2025-01-12,1016.33,103,Office Depot,US,Operations,INV-103-10266,Check,A100,1000
267,2025-06-13,386.6,111,Oceanic Trading,KY,Sales,INV-111-10267,Check,A200,2500
268,2025-06-25,728.13,101,Amazon Business,US,HR,INV-101-10268,Check,A300,5000
269,2025-04-17,159.11,107,UPS,US,IT,INV-107-10269,Card,A100,1000
270,2025-03-23,295.07,108,QuickFix Consulting,US,HR,INV-108-10270,Wire,A300,5000
271,2025-01-28,473.18,112,Unknown Vendor,CN,IT,INV-112-10271,Card,A200,2500
272,2025-01-25,238.17,106,FedEx,US,Operations,INV-106-10272,Card,A100,1000
273,2025-02-10,781.47,101,Amazon Business,US,IT,INV-101-10273,Card,A400,10000
274,2025-05-12,458.47,106,FedEx,US,Sales,INV-106-10274,Check,A200,2500
275,2025-05-10,851.8,108,QuickFix Consulting,US,HR,INV-108-10275,Check,A400,10000
276,2025-06-02,267.59,108,QuickFix Consulting,US,Operations,INV-108-10276,Wire,A300,5000
277,2025-04-21,765.51,111,Oceanic Trading,KY,Marketing,INV-111-10277,Card,A300,5000
278,2025-05-26,372.51,103,Office Depot,US,IT,INV-103-10278,Check,A400,10000
279,2025-05-21,463.74,109,PrimeSource LLC,US,Operations,INV-109-10279,Check,A300,5000
280,2025-03-28,12878.07,105,Microsoft,US,Sales,INV-105-10280,ACH,A200,2500
281,2025-01-11,373.22,109,PrimeSource LLC,US,IT,INV-109-10281,Wire,A200,2500
282,2025-02-08,3029.26,101,Amazon Business,US,Finance,INV-101-10282,Wire,A300,5000
283,2025-04-11,2205.97,110,Global Supplies HK,HK,Sales,INV-110-10283,Wire,A300,5000
284,2025-05-06,468.55,110,Global Supplies HK,HK,Marketing,INV-110-10284,Check,A300,5000
285,2025-06-22,2410.27,112,Unknown Vendor,CN,Sales,INV-112-10285,Check,A400,10000
286,2025-06-17,253.67,102,Staples,US,HR,INV-102-10286,Check,A100,1000
287,2025-06-11,170.05,110,Global Supplies HK,HK,Sales,INV-110-10287,Wire,A100,1000
288,2025-05-27,1893.01,112,Unknown Vendor,CN,Sales,INV-112-10288,Card,A200,2500
289,2025-04-16,388.53,112,Unknown Vendor,CN,Finance,INV-112-10289,Wire,A100,1000
290,2025-01-16,3916.93,112,Unknown Vendor,CN,Operations,INV-112-10290,Card,A400,10000
291,2025-04-07,14567.42,112,Unknown Vendor,CN,Operations,INV-112-10291,Wire,A300,5000
292,2025-06-24,614.76,106,FedEx,US,Operations,INV-106-10292,Card,A300,5000
293,2025-05-23,236.94,111,Oceanic Trading,KY,Marketing,INV-111-10293,Check,A400,10000
294,2025-05-06,627.41,105,Microsoft,US,Operations,INV-105-10294,Check,A300,5000
295,2025-05-20,524.66,106,FedEx,US,HR,INV-106-10295,Check,A300,5000
296,2025-01-21,273.11,107,UPS,US,HR,INV-107-10296,Check,A200,2500
297,2025-03-11,748.6,106,FedEx,US,HR,INV-106-10297,Check,A400,10000
298,2025-03-03,671.98,109,PrimeSource LLC,US,Marketing,INV-109-10298,Check,A200,2500
299,2025-05-01,383.71,104,Dell,US,Finance,INV-104-10299,Wire,A200,2500
300,2025-02-10,24558.21,102,Staples,US,Marketing,INV-102-10300,Wire,A100,1000
301,2025-03-15,685.2,107,UPS,US,Marketing,INV-107-10301,Card,A400,10000
302,2025-01-10,224.35,106,FedEx,US,IT,INV-106-10302,ACH,A100,1000
303,2025-05-07,12939.89,103,Office Depot,US,HR,INV-103-10303,Wire,A100,1000
304,2025-01-28,519.81,103,Office Depot,US,Marketing,INV-103-10304,Check,A100,1000
305,2025-05-10,1450.22,106,FedEx,US,IT,INV-106-10305,Card,A400,10000
306,2025-06-15,663.38,108,QuickFix Consulting,US,IT,INV-108-10306,Wire,A100,1000
307,2025-05-26,715.88,105,Microsoft,US,Marketing,INV-105-10307,Wire,A100,1000
308,2025-01-23,3012.65,111,Oceanic Trading,KY,Operations,INV-111-10308,Wire,A400,10000
309,2025-03-05,14549.08,107,UPS,US,Marketing,INV-107-10309,ACH,A200,2500
310,2025-03-26,254.96,101,Amazon Business,US,IT,INV-101-10310,Card,A200,2500
311,2025-01-16,629.64,105,Microsoft,US,Sales,INV-105-10311,ACH,A300,5000
312,2025-06-30,623.74,111,Oceanic Trading,KY,Finance,INV-111-10312,Card,A300,5000
313,2025-02-04,214.35,105,Microsoft,US,Marketing,INV-105-10313,ACH,A300,5000
314,2025-05-01,503.33,108,QuickFix Consulting,US,Operations,INV-108-10314,Card,A300,5000
315,2025-01-21,544.32,109,PrimeSource LLC,US,Marketing,INV-109-10315,Wire,A200,2500
316,2025-05-21,1360.06,109,PrimeSource LLC,US,HR,INV-109-10316,Check,A100,1000
317,2025-01-30,477.9,109,PrimeSource LLC,US,Operations,INV-109-10317,Wire,A200,2500
318,2025-01-15,2726.48,111,Oceanic Trading,KY,Operations,INV-111-10318,Card,A100,1000
319,2025-06-22,511.74,108,QuickFix Consulting,US,Operations,INV-108-10319,Card,A400,10000
320,2025-02-25,22.65,105,Microsoft,US,Marketing,INV-105-10320,ACH,A400,10000
321,2025-01-16,76.11,110,Global Supplies HK,HK,Finance,INV-110-10321,ACH,A400,10000
322,2025-06-14,696.7,102,Staples,US,HR,INV-102-10322,ACH,A300,5000
323,2025-04-07,12649.59,112,Unknown Vendor,CN,Marketing,INV-112-10323,Card,A300,5000
324,2025-04-11,893.71,107,UPS,US,Finance,INV-107-10324,Wire,A300,5000
325,2025-04-29,881.07,109,PrimeSource LLC,US,Operations,INV-109-10325,Wire,A100,1000
326,2025-03-30,1914.8,111,Oceanic Trading,KY,Marketing,INV-111-10326,Card,A400,10000
327,2025-06-07,600.97,103,Office Depot,US,IT,INV-103-10327,Wire,A100,1000
328,2025-06-03,49.55,101,Amazon Business,US,Operations,INV-101-10328,Wire,A100,1000
329,2025-03-01,373.99,111,Oceanic Trading,KY,Marketing,INV-111-10329,ACH,A200,2500
330,2025-05-28,274.55,109,PrimeSource LLC,US,Operations,INV-109-10330,ACH,A200,2500
331,2025-06-19,146.07,106,FedEx,US,Sales,INV-106-10331,Check,A200,2500
332,2025-06-01,509.91,109,PrimeSource LLC,US,Operations,INV-109-10332,Card,A300,5000
333,2025-06-14,323.09,112,Unknown Vendor,CN,Operations,INV-112-10333,Card,A400,10000
334,2025-02-17,283.9,111,Oceanic Trading,KY,HR,INV-111-10334,Check,A400,10000
335,2025-04-29,642.67,109,PrimeSource LLC,US,HR,INV-109-10335,Wire,A200,2500
336,2025-03-04,138.0,101,Amazon Business,US,Sales,INV-101-10336,Card,A400,10000
337,2025-01-24,2713.2,105,Microsoft,US,Operations,INV-105-10337,Check,A100,1000
338,2025-06-04,612.83,109,PrimeSource LLC,US,Marketing,INV-109-10338,Wire,A100,1000
339,2025-03-27,785.14,101,Amazon Business,US,Finance,INV-101-10339,Wire,A200,2500
340,2025-05-03,7346.32,105,Microsoft,US,Finance,INV-105-10340,Wire,A200,2500
341,2025-03-14,3163.53,104,Dell,US,Marketing,INV-104-10341,Wire,A400,10000
342,2025-05-08,471.28,107,UPS,US,HR,INV-107-10342,Check,A300,5000
343,2025-04-16,2419.89,108,QuickFix Consulting,US,Finance,INV-108-10343,Card,A300,5000
344,2025-05-30,506.91,101,Amazon Business,US,Sales,INV-101-10344,Wire,A200,2500
345,2025-04-08,310.28,110,Global Supplies HK,HK,Marketing,INV-110-10345,Card,A300,5000
346,2025-06-14,743.0,110,Global Supplies HK,HK,Operations,INV-110-10346,Card,A300,5000
347,2025-02-05,329.92,112,Unknown Vendor,CN,HR,INV-112-10347,Card,A200,2500
348,2025-06-14,3122.76,112,Unknown Vendor,CN,Sales,INV-112-10348,Card,A200,2500
349,2025-01-02,3639.68,101,Amazon Business,US,Sales,INV-101-10349,ACH,A100,1000
350,2025-05-10,28.04,107,UPS,US,Operations,INV-107-10350,Wire,A100,1000
351,2025-05-17,33.84,108,QuickFix Consulting,US,IT,INV-108-10351,ACH,A400,10000
352,2025-03-15,261.77,109,PrimeSource LLC,US,HR,INV-109-10352,ACH,A100,1000
353,2025-02-08,104.76,101,Amazon Business,US,Sales,INV-101-10353,Card,A200,2500
354,2025-04-06,369.27,104,Dell,US,Operations,INV-104-10354,Check,A300,5000
355,2025-01-21,748.69,107,UPS,US,HR,INV-107-10355,Wire,A200,2500
356,2025-05-02,351.91,111,Oceanic Trading,KY,Marketing,INV-111-10356,ACH,A100,1000
357,2025-06-15,763.89,101,Amazon Business,US,Marketing,INV-101-10357,ACH,A200,2500
358,2025-06-27,813.12,106,FedEx,US,Sales,INV-106-10358,ACH,A100,1000
359,2025-03-13,3706.16,110,Global Supplies HK,HK,HR,INV-110-10359,Check,A100,1000
360,2025-02-23,2189.39,109,PrimeSource LLC,US,Sales,INV-109-10360,ACH,A200,2500
361,2025-05-26,516.28,110,Global Supplies HK,HK,Operations,INV-110-10361,Card,A100,1000
362,2025-06-26,143.16,107,UPS,US,Marketing,INV-107-10362,Check,A400,10000
363,2025-01-20,224.29,112,Unknown Vendor,CN,Finance,INV-112-10363,Check,A100,1000
364,2025-04-26,260.53,106,FedEx,US,Sales,INV-106-10364,Card,A300,5000
365,2025-06-19,618.13,108,QuickFix Consulting,US,Operations,INV-108-10365,Check,A400,10000
366,2025-02-09,92.19,107,UPS,US,Finance,INV-107-10366,Check,A200,2500
367,2025-01-02,113.76,107,UPS,US,Marketing,INV-107-10367,Wire,A400,10000
368,2025-04-21,96.82,105,Microsoft,US,HR,INV-105-10368,Check,A300,5000
369,2025-01-24,331.44,108,QuickFix Consulting,US,Sales,INV-108-10369,Card,A100,1000
370,2025-01-22,384.15,110,Global Supplies HK,HK,Sales,INV-110-10370,Check,A400,10000
371,2025-03-10,169.16,112,Unknown Vendor,CN,Sales,INV-112-10371,Wire,A200,2500
372,2025-04-18,402.52,105,Microsoft,US,IT,INV-105-10372,Card,A200,2500
373,2025-06-10,237.0,105,Microsoft,US,HR,INV-105-10373,ACH,A300,5000
374,2025-04-12,288.1,108,QuickFix Consulting,US,Sales,INV-108-10374,Wire,A400,10000
375,2025-06-16,398.94,106,FedEx,US,Sales,INV-106-10375,Card,A300,5000
376,2025-05-03,631.86,110,Global Supplies HK,HK,Operations,INV-110-10376,Check,A300,5000
377,2025-05-06,631.56,106,FedEx,US,Operations,INV-106-10377,Card,A300,5000
378,2025-04-04,711.56,110,Global Supplies HK,HK,Operations,INV-110-10378,Check,A400,10000
379,2025-04-29,504.09,102,Staples,US,Sales,INV-102-10379,Wire,A200,2500
380,2025-04-15,1183.55,112,Unknown Vendor,CN,Operations,INV-112-10380,Card,A300,5000
381,2025-04-19,599.62,111,Oceanic Trading,KY,HR,INV-111-10381,Wire,A300,5000
382,2025-06-27,490.24,107,UPS,US,Finance,INV-107-10382,Card,A400,10000
383,2025-06-02,734.82,107,UPS,US,Sales,INV-107-10383,ACH,A300,5000
384,2025-06-15,332.41,111,Oceanic Trading,KY,Finance,INV-111-10384,ACH,A200,2500
385,2025-01-03,13609.11,110,Global Supplies HK,HK,Finance,INV-110-10385,Card,A300,5000
386,2025-06-23,364.2,102,Staples,US,IT,INV-102-10386,Wire,A200,2500
387,2025-03-17,14655.42,110,Global Supplies HK,HK,Marketing,INV-110-10387,Wire,A300,5000
388,2025-02-22,321.9,107,UPS,US,Finance,INV-107-10388,ACH,A200,2500
389,2025-04-26,655.35,109,PrimeSource LLC,US,HR,INV-109-10389,Check,A400,10000
390,2025-03-29,1371.85,106,FedEx,US,Finance,INV-106-10390,Check,A100,1000
391,2025-03-26,505.68,111,Oceanic Trading,KY,Finance,INV-111-10391,Wire,A200,2500
392,2025-02-17,574.19,109,PrimeSource LLC,US,HR,INV-109-10392,Card,A200,2500
393,2025-02-20,560.41,111,Oceanic Trading,KY,Marketing,INV-111-10393,Card,A400,10000
394,2025-03-13,209.02,108,QuickFix Consulting,US,Sales,INV-108-10394,Card,A400,10000
395,2025-01-30,193.43,112,Unknown Vendor,CN,Finance,INV-112-10395,ACH,A200,2500
396,2025-05-31,557.95,105,Microsoft,US,Marketing,INV-105-10396,Card,A300,5000
397,2025-06-30,736.09,102,Staples,US,IT,INV-102-10397,Check,A400,10000
398,2025-01-30,229.94,105,Microsoft,US,Sales,INV-105-10398,ACH,A200,2500
399,2025-04-09,141.32,103,Office Depot,US,IT,INV-103-10399,Wire,A400,10000
400,2025-02-05,450.88,107,UPS,US,Operations,INV-107-10400,Card,A200,2500
401,2025-05-05,4802.55,103,Office Depot,US,IT,INV-103-10401,Card,A100,1000
402,2025-04-24,452.72,103,Office Depot,US,Operations,INV-103-10402,Card,A400,10000
403,2025-01-09,214.07,108,QuickFix Consulting,US,Operations,INV-108-10403,ACH,A100,1000
404,2025-05-07,517.77,105,Microsoft,US,Operations,INV-105-10404,Check,A200,2500
405,2025-04-04,497.93,109,PrimeSource LLC,US,Sales,INV-109-10405,ACH,A100,1000
406,2025-06-17,7048.33,109,PrimeSource LLC,US,Finance,INV-109-10406,Card,A200,2500
407,2025-01-23,778.74,104,Dell,US,IT,INV-104-10407,ACH,A400,10000
408,2025-03-31,3310.49,108,QuickFix Consulting,US,Finance,INV-108-10408,Wire,A200,2500
409,2025-02-22,710.67,112,Unknown Vendor,CN,Sales,INV-112-10409,Card,A200,2500
410,2025-06-30,168.17,101,Amazon Business,US,Sales,INV-101-10410,Check,A300,5000
411,2025-04-16,680.08,105,Microsoft,US,IT,INV-105-10411,Check,A100,1000
412,2025-03-05,646.03,101,Amazon Business,US,IT,INV-101-10412,Wire,A200,2500
413,2025-04-17,256.47,111,Oceanic Trading,KY,HR,INV-111-10413,Card,A200,2500
414,2025-06-27,679.83,107,UPS,US,HR,INV-107-10414,ACH,A100,1000
415,2025-01-24,784.64,106,FedEx,US,HR,INV-106-10415,Card,A300,5000
416,2025-04-20,369.99,112,Unknown Vendor,CN,HR,INV-112-10416,Check,A100,1000
417,2025-05-28,2284.8,104,Dell,US,HR,INV-104-10417,Check,A300,5000
418,2025-01-12,4025.24,103,Office Depot,US,Sales,INV-103-10418,Card,A300,5000
419,2025-04-23,774.73,102,Staples,US,Marketing,INV-102-10419,Card,A100,1000
420,2025-06-16,23188.14,108,QuickFix Consulting,US,Finance,INV-108-10420,Card,A200,2500
421,2025-04-06,240.34,105,Microsoft,US,Operations,INV-105-10421,Check,A100,1000
422,2025-06-29,288.85,111,Oceanic Trading,KY,Marketing,INV-111-10422,Wire,A100,1000
423,2025-02-03,439.59,104,Dell,US,HR,INV-104-10423,ACH,A100,1000
424,2025-01-31,322.35,110,Global Supplies HK,HK,Operations,INV-110-10424,Card,A100,1000
425,2025-01-27,357.1,107,UPS,US,Marketing,INV-107-10425,Wire,A400,10000
426,2025-02-04,700.65,102,Staples,US,IT,INV-102-10426,Check,A300,5000
427,2025-06-16,27.46,111,Oceanic Trading,KY,Marketing,INV-111-10427,Wire,A100,1000
428,2025-04-16,153.21,103,Office Depot,US,HR,INV-103-10428,Check,A200,2500
429,2025-02-01,108.41,110,Global Supplies HK,HK,Marketing,INV-110-10429,Card,A200,2500
430,2025-02-05,11290.07,110,Global Supplies HK,HK,Marketing,INV-110-10430,Card,A300,5000
431,2025-06-05,548.01,104,Dell,US,IT,INV-104-10431,ACH,A200,2500
432,2025-02-18,554.1,105,Microsoft,US,Marketing,INV-105-10432,ACH,A300,5000
433,2025-03-03,718.52,112,Unknown Vendor,CN,HR,INV-112-10433,Check,A100,1000
434,2025-05-16,542.66,108,QuickFix Consulting,US,HR,INV-108-10434,ACH,A200,2500
435,2025-04-18,758.3,101,Amazon Business,US,IT,INV-101-10435,Check,A200,2500
436,2025-01-05,20407.34,106,FedEx,US,Sales,INV-106-10436,Wire,A400,10000
437,2025-04-12,831.87,110,Global Supplies HK,HK,Finance,INV-110-10437,ACH,A300,5000
438,2025-05-18,92.54,109,PrimeSource LLC,US,IT,INV-109-10438,Card,A400,10000
439,2025-02-22,89.54,109,PrimeSource LLC,US,Sales,INV-109-10439,Wire,A300,5000
440,2025-06-16,691.64,103,Office Depot,US,Sales,INV-103-10440,Check,A400,10000
441,2025-03-03,662.36,111,Oceanic Trading,KY,Marketing,INV-111-10441,ACH,A300,5000
442,2025-01-15,558.82,101,Amazon Business,US,Operations,INV-101-10442,ACH,A400,10000
443,2025-01-03,140.75,105,Microsoft,US,Marketing,INV-105-10443,Wire,A100,1000
444,2025-03-10,131.7,103,Office Depot,US,HR,INV-103-10444,Check,A300,5000
445,2025-01-17,2015.12,112,Unknown Vendor,CN,Finance,INV-112-10445,ACH,A300,5000
446,2025-05-08,336.91,105,Microsoft,US,Marketing,INV-105-10446,ACH,A400,10000
447,2025-05-27,110.56,110,Global Supplies HK,HK,Operations,INV-110-10447,Check,A200,2500
448,2025-01-04,22.26,111,Oceanic Trading,KY,Marketing,INV-111-10448,ACH,A200,2500
449,2025-01-10,152.07,104,Dell,US,Finance,INV-104-10449,Card,A300,5000
450,2025-03-23,386.31,109,PrimeSource LLC,US,Marketing,INV-109-10450,Card,A200,2500
451,2025-02-15,813.71,105,Microsoft,US,Finance,INV-105-10451,Check,A100,1000
452,2025-03-14,429.28,104,Dell,US,Sales,INV-104-10452,ACH,A400,10000
453,2025-05-25,196.59,105,Microsoft,US,IT,INV-105-10453,ACH,A400,10000
454,2025-02-20,875.23,105,Microsoft,US,Marketing,INV-105-10454,Wire,A400,10000
455,2025-03-01,380.83,112,Unknown Vendor,CN,Sales,INV-112-10455,Wire,A200,2500
456,2025-03-20,598.43,109,PrimeSource LLC,US,IT,INV-109-10456,ACH,A300,5000
457,2025-02-06,72.71,102,Staples,US,Operations,INV-102-10457,Wire,A400,10000
458,2025-05-14,4578.88,112,Unknown Vendor,CN,IT,INV-112-10458,ACH,A100,1000
459,2025-01-25,6698.05,107,UPS,US,Marketing,INV-107-10459,Check,A400,10000
460,2025-06-19,74.81,109,PrimeSource LLC,US,Operations,INV-109-10460,Card,A100,1000
461,2025-04-11,4696.77,103,Office Depot,US,Operations,INV-103-10461,Check,A300,5000
462,2025-02-21,225.58,112,Unknown Vendor,CN,Marketing,INV-112-10462,Check,A300,5000
463,2025-03-22,415.62,103,Office Depot,US,Sales,INV-103-10463,ACH,A200,2500
464,2025-01-31,427.75,107,UPS,US,Finance,INV-107-10464,Check,A200,2500
465,2025-02-07,773.78,102,Staples,US,Operations,INV-102-10465,Check,A100,1000
466,2025-03-18,63.08,102,Staples,US,Marketing,INV-102-10466,Wire,A300,5000
467,2025-05-21,3179.41,105,Microsoft,US,Operations,INV-105-10467,ACH,A400,10000
468,2025-01-04,1473.15,104,Dell,US,Finance,INV-104-10468,Card,A100,1000
469,2025-06-11,2426.18,101,Amazon Business,US,Operations,INV-101-10469,Wire,A200,2500
470,2025-06-15,76.74,111,Oceanic Trading,KY,Finance,INV-111-10470,Check,A100,1000
471,2025-01-13,849.21,108,QuickFix Consulting,US,Operations,INV-108-10471,ACH,A300,5000
472,2025-04-20,356.8,103,Office Depot,US,Sales,INV-103-10472,Card,A400,10000
473,2025-02-08,412.49,103,Office Depot,US,IT,INV-103-10473,Wire,A200,2500
474,2025-05-03,796.85,101,Amazon Business,US,Sales,INV-101-10474,Wire,A300,5000
475,2025-05-15,195.52,101,Amazon Business,US,Finance,INV-101-10475,Check,A400,10000
476,2025-05-20,336.02,104,Dell,US,Marketing,INV-104-10476,ACH,A400,10000
477,2025-06-02,42.94,108,QuickFix Consulting,US,IT,INV-108-10477,Check,A400,10000
478,2025-04-02,2833.91,104,Dell,US,Finance,INV-104-10478,Check,A100,1000
479,2025-05-17,232.21,110,Global Supplies HK,HK,Operations,INV-110-10479,Wire,A100,1000
480,2025-02-14,758.52,112,Unknown Vendor,CN,Finance,INV-112-10480,Wire,A400,10000
481,2025-06-29,1015.65,103,Office Depot,US,Operations,INV-103-10481,Check,A300,5000
482,2025-05-07,4222.64,106,FedEx,US,Sales,INV-106-10482,Wire,A200,2500
483,2025-06-04,69.43,109,PrimeSource LLC,US,IT,INV-109-10483,Wire,A400,10000
484,2025-02-03,560.44,104,Dell,US,Finance,INV-104-10484,Card,A100,1000
485,2025-06-30,149.99,106,FedEx,US,Marketing,INV-106-10485,Wire,A300,5000
486,2025-04-12,848.89,103,Office Depot,US,Finance,INV-103-10486,Check,A100,1000
487,2025-04-22,878.76,110,Global Supplies HK,HK,Finance,INV-110-10487,Check,A300,5000
488,2025-06-07,514.54,111,Oceanic Trading,KY,HR,INV-111-10488,Check,A200,2500
489,2025-02-02,14798.130000000001,106,FedEx,US,Operations,INV-106-10489,Wire,A400,10000
490,2025-05-26,4060.4,103,Office Depot,US,Marketing,INV-103-10490,ACH,A400,10000
491,2025-05-08,111.62,101,Amazon Business,US,Operations,INV-101-10491,Check,A200,2500
492,2025-06-12,301.18,103,Office Depot,US,IT,INV-103-10492,ACH,A200,2500
493,2025-06-27,204.52,102,Staples,US,Marketing,INV-102-10493,Check,A400,10000
494,2025-04-23,62.37,102,Staples,US,IT,INV-102-10494,Check,A100,1000
495,2025-05-20,353.27,112,Unknown Vendor,CN,HR,INV-112-10495,Wire,A400,10000
496,2025-01-09,84.86,107,UPS,US,Finance,INV-107-10496,Card,A200,2500
497,2025-02-13,6484.01,105,Microsoft,US,Finance,INV-105-10497,Check,A300,5000
498,2025-05-04,887.04,107,UPS,US,Operations,INV-107-10498,ACH,A100,1000
499,2025-01-14,402.1,112,Unknown Vendor,CN,Finance,INV-112-10499,Card,A200,2500
500,2025-05-19,507.62,102,Staples,US,IT,INV-102-10500,Wire,A200,2500
501,2025-05-27,63.68,105,Microsoft,US,Marketing,INV-105-10501,Check,A300,5000
502,2025-03-17,396.29,109,PrimeSource LLC,US,HR,INV-109-10502,Wire,A100,1000
503,2025-06-13,202.12,111,Oceanic Trading,KY,Marketing,INV-111-10503,Card,A200,2500
504,2025-05-06,369.77,105,Microsoft,US,Finance,INV-105-10504,Card,A100,1000
505,2025-04-05,799.23,111,Oceanic Trading,KY,IT,INV-111-10505,ACH,A400,10000
506,2025-03-10,251.79,103,Office Depot,US,HR,INV-103-10506,ACH,A300,5000
507,2025-05-19,1628.42,110,Global Supplies HK,HK,Finance,INV-110-10507,Wire,A100,1000
508,2025-04-18,4255.46,107,UPS,US,Sales,INV-107-10508,Wire,A100,1000
509,2025-01-09,89.48,109,PrimeSource LLC,US,Marketing,INV-109-10509,Card,A200,2500
510,2025-02-12,2741.06,109,PrimeSource LLC,US,Sales,INV-109-10510,Wire,A100,1000
511,2025-04-22,889.69,104,Dell,US,Operations,INV-104-10511,Wire,A100,1000
512,2025-01-18,659.85,104,Dell,US,Marketing,INV-104-10512,Wire,A300,5000
513,2025-01-04,3030.72,102,Staples,US,HR,INV-102-10513,Card,A300,5000
514,2025-05-31,150.42,112,Unknown Vendor,CN,Sales,INV-112-10514,Card,A100,1000
515,2025-03-30,783.38,110,Global Supplies HK,HK,Finance,INV-110-10515,ACH,A100,1000
516,2025-02-14,436.28,107,UPS,US,IT,INV-107-10516,Card,A400,10000
517,2025-03-26,802.83,105,Microsoft,US,HR,INV-105-10517,Wire,A400,10000
518,2025-01-06,4577.83,112,Unknown Vendor,CN,Operations,INV-112-10518,ACH,A400,10000
519,2025-06-25,4418.76,106,FedEx,US,IT,INV-106-10519,Check,A300,5000
520,2025-03-24,13862.21,102,Staples,US,Operations,INV-102-10520,Wire,A300,5000
521,2025-04-15,206.02,105,Microsoft,US,Marketing,INV-105-10521,Card,A100,1000
522,2025-03-21,159.9,112,Unknown Vendor,CN,HR,INV-112-10522,Check,A100,1000
523,2025-05-26,481.37,112,Unknown Vendor,CN,Sales,INV-112-10523,Card,A200,2500
524,2025-04-27,1922.91,101,Amazon Business,US,Operations,INV-101-10524,Wire,A200,2500
525,2025-04-12,428.51,101,Amazon Business,US,IT,INV-101-10525,Wire,A300,5000
526,2025-02-15,542.76,111,Oceanic Trading,KY,Finance,INV-111-10526,ACH,A200,2500
527,2025-06-26,807.15,108,QuickFix Consulting,US,Sales,INV-108-10527,Check,A300,5000
528,2025-02-24,771.36,102,Staples,US,IT,INV-102-10528,ACH,A400,10000
529,2025-01-06,380.37,104,Dell,US,Marketing,INV-104-10529,Wire,A200,2500
530,2025-01-03,549.0,111,Oceanic Trading,KY,Finance,INV-111-10530,Card,A200,2500
531,2025-03-31,351.3,104,Dell,US,IT,INV-104-10531,Check,A300,5000
532,2025-06-09,478.16,108,QuickFix Consulting,US,IT,INV-108-10532,Wire,A400,10000
533,2025-04-06,602.87,107,UPS,US,Sales,INV-107-10533,ACH,A100,1000
534,2025-03-28,443.93,109,PrimeSource LLC,US,Marketing,INV-109-10534,Check,A300,5000
535,2025-06-16,645.76,105,Microsoft,US,Marketing,INV-105-10535,Check,A300,5000
536,2025-06-03,4202.26,105,Microsoft,US,Operations,INV-105-10536,Wire,A200,2500
537,2025-03-17,596.75,107,UPS,US,Marketing,INV-107-10537,Check,A200,2500
538,2025-05-27,533.06,105,Microsoft,US,HR,INV-105-10538,Card,A400,10000
539,2025-05-10,3654.66,104,Dell,US,IT,INV-104-10539,Wire,A400,10000
540,2025-03-08,132.59,105,Microsoft,US,Operations,INV-105-10540,Wire,A300,5000
541,2025-02-27,215.58,112,Unknown Vendor,CN,Sales,INV-112-10541,Wire,A300,5000
542,2025-04-29,535.3,112,Unknown Vendor,CN,IT,INV-112-10542,Card,A300,5000
543,2025-01-31,191.2,102,Staples,US,HR,INV-102-10543,ACH,A100,1000
544,2025-02-05,771.73,111,Oceanic Trading,KY,HR,INV-111-10544,Check,A400,10000
545,2025-02-16,778.91,104,Dell,US,IT,INV-104-10545,Card,A400,10000
546,2025-04-26,71.05,102,Staples,US,HR,INV-102-10546,Check,A200,2500
547,2025-01-23,691.94,105,Microsoft,US,Operations,INV-105-10547,Wire,A200,2500
548,2025-04-09,869.49,103,Office Depot,US,Sales,INV-103-10548,Card,A400,10000
549,2025-05-16,22840.13,101,Amazon Business,US,Finance,INV-101-10549,Wire,A300,5000
550,2025-03-21,791.75,104,Dell,US,Finance,INV-104-10550,ACH,A200,2500
551,2025-03-18,744.98,103,Office Depot,US,Finance,INV-103-10551,Card,A300,5000
552,2025-03-29,4981.44,105,Microsoft,US,HR,INV-105-10552,Check,A400,10000
553,2025-04-14,4664.64,108,QuickFix Consulting,US,IT,INV-108-10553,Wire,A200,2500
554,2025-05-10,39.28,101,Amazon Business,US,Operations,INV-101-10554,Wire,A200,2500
555,2025-05-17,583.48,103,Office Depot,US,Finance,INV-103-10555,Check,A100,1000
556,2025-06-26,37.37,110,Global Supplies HK,HK,Finance,INV-110-10556,ACH,A100,1000
557,2025-06-29,242.41,102,Staples,US,HR,INV-102-10557,Card,A400,10000
558,2025-05-14,108.86,103,Office Depot,US,Operations,INV-103-10558,ACH,A300,5000
559,2025-06-08,1330.15,105,Microsoft,US,Sales,INV-105-10559,Wire,A400,10000
560,2025-03-09,555.92,102,Staples,US,IT,INV-102-10560,ACH,A100,1000
561,2025-05-08,54.68,109,PrimeSource LLC,US,Operations,INV-109-10561,Check,A400,10000
562,2025-01-23,31.22,104,Dell,US,Marketing,INV-104-10562,Card,A300,5000
563,2025-01-20,4096.06,102,Staples,US,Sales,INV-102-10563,Card,A200,2500
564,2025-03-17,421.94,112,Unknown Vendor,CN,Marketing,INV-112-10564,ACH,A300,5000
565,2025-03-16,4483.98,105,Microsoft,US,HR,INV-105-10565,ACH,A100,1000
566,2025-01-12,103.6,106,FedEx,US,Marketing,INV-106-10566,Check,A400,10000
567,2025-06-09,405.19,101,Amazon Business,US,Operations,INV-101-10567,Wire,A300,5000
568,2025-04-13,1649.76,105,Microsoft,US,Marketing,INV-105-10568,ACH,A300,5000
569,2025-04-18,440.86,107,UPS,US,HR,INV-107-10569,Check,A400,10000
570,2025-02-10,71.61,111,Oceanic Trading,KY,Operations,INV-111-10570,ACH,A200,2500
571,2025-04-02,354.18,102,Staples,US,HR,INV-102-10571,Card,A400,10000
572,2025-04-16,1363.04,110,Global Supplies HK,HK,Finance,INV-110-10572,Wire,A400,10000
573,2025-06-23,30.88,108,QuickFix Consulting,US,Finance,INV-108-10573,ACH,A300,5000
574,2025-06-08,625.65,109,PrimeSource LLC,US,Marketing,INV-109-10574,Wire,A300,5000
575,2025-04-09,615.14,102,Staples,US,HR,INV-102-10575,Wire,A400,10000
576,2025-05-01,158.1,103,Office Depot,US,Sales,INV-103-10576,ACH,A100,1000
577,2025-03-13,311.19,108,QuickFix Consulting,US,Operations,INV-108-10577,ACH,A400,10000
578,2025-04-28,226.8,101,Amazon Business,US,Sales,INV-101-10578,Wire,A400,10000
579,2025-01-31,2732.98,108,QuickFix Consulting,US,Sales,INV-108-10579,Card,A100,1000
580,2025-05-21,51.53,108,QuickFix Consulting,US,Marketing,INV-108-10580,ACH,A100,1000
581,2025-03-29,421.46,101,Amazon Business,US,Finance,INV-101-10581,Check,A200,2500
582,2025-06-03,695.33,106,FedEx,US,Finance,INV-106-10582,Wire,A400,10000
583,2025-02-26,688.2,108,QuickFix Consulting,US,Marketing,INV-108-10583,Check,A400,10000
584,2025-01-28,349.02,101,Amazon Business,US,IT,INV-101-10584,Check,A300,5000
585,2025-04-15,3944.29,101,Amazon Business,US,Operations,INV-101-10585,Card,A200,2500
586,2025-02-25,769.93,102,Staples,US,IT,INV-102-10586,Wire,A200,2500
587,2025-06-12,60.92,108,QuickFix Consulting,US,Operations,INV-108-10587,Check,A100,1000
588,2025-05-10,538.6,111,Oceanic Trading,KY,Sales,INV-111-10588,ACH,A400,10000
589,2025-05-30,400.87,103,Office Depot,US,HR,INV-103-10589,ACH,A100,1000
590,2025-04-10,132.98,108,QuickFix Consulting,US,Sales,INV-108-10590,Wire,A200,2500
591,2025-06-27,555.91,111,Oceanic Trading,KY,Sales,INV-111-10591,Check,A400,10000
592,2025-02-04,14056.91,104,Dell,US,IT,INV-104-10592,Card,A300,5000
593,2025-06-11,843.25,103,Office Depot,US,HR,INV-103-10593,Check,A300,5000
594,2025-02-03,830.65,104,Dell,US,Operations,INV-104-10594,Wire,A300,5000
595,2025-05-24,689.48,112,Unknown Vendor,CN,Marketing,INV-112-10595,Wire,A300,5000
596,2025-01-04,2631.78,108,QuickFix Consulting,US,Sales,INV-108-10596,Card,A300,5000
597,2025-02-21,609.82,109,PrimeSource LLC,US,Finance,INV-109-10597,ACH,A400,10000
598,2025-03-17,74.59,105,Microsoft,US,Operations,INV-105-10598,Check,A300,5000
599,2025-06-22,1320.17,104,Dell,US,Sales,INV-104-10599,ACH,A300,5000
600,2025-06-28,710.19,112,Unknown Vendor,CN,Sales,INV-112-10600,Wire,A400,10000
601,2025-06-25,861.9,105,Microsoft,US,Marketing,INV-105-10601,ACH,A400,10000
602,2025-04-24,198.72,106,FedEx,US,Sales,INV-106-10602,ACH,A100,1000
603,2025-03-17,868.58,104,Dell,US,Marketing,INV-104-10603,Check,A200,2500
604,2025-01-31,19701.59,108,QuickFix Consulting,US,Operations,INV-108-10604,ACH,A200,2500
605,2025-05-30,134.46,107,UPS,US,Finance,INV-107-10605,Card,A300,5000
606,2025-02-09,156.23,105,Microsoft,US,Finance,INV-105-10606,Check,A400,10000
607,2025-04-02,523.96,106,FedEx,US,Sales,INV-106-10607,ACH,A300,5000
608,2025-05-10,15412.13,102,Staples,US,Marketing,INV-102-10608,Check,A200,2500
609,2025-06-19,797.39,103,Office Depot,US,HR,INV-103-10609,Card,A100,1000
610,2025-05-16,682.34,106,FedEx,US,IT,INV-106-10610,Check,A300,5000
611,2025-06-14,412.19,108,QuickFix Consulting,US,Sales,INV-108-10611,ACH,A100,1000
612,2025-01-30,302.42,110,Global Supplies HK,HK,Sales,INV-110-10612,Wire,A100,1000
613,2025-04-06,4270.65,107,UPS,US,IT,INV-107-10613,Check,A100,1000
614,2025-02-19,810.49,109,PrimeSource LLC,US,Sales,INV-109-10614,Card,A400,10000
615,2025-05-18,861.52,106,FedEx,US,Sales,INV-106-10615,ACH,A100,1000
616,2025-06-25,700.75,109,PrimeSource LLC,US,Finance,INV-109-10616,ACH,A200,2500
617,2025-06-25,846.98,107,UPS,US,Finance,INV-107-10617,Wire,A400,10000
618,2025-02-15,84.46,103,Office Depot,US,Finance,INV-103-10618,Card,A300,5000
619,2025-04-26,2571.29,105,Microsoft,US,Sales,INV-105-10619,ACH,A200,2500
620,2025-05-17,612.5,111,Oceanic Trading,KY,HR,INV-111-10620,Card,A300,5000
621,2025-05-09,83.88,101,Amazon Business,US,Marketing,INV-101-10621,ACH,A100,1000
622,2025-04-08,835.49,102,Staples,US,IT,INV-102-10622,Check,A100,1000
623,2025-04-11,213.48,107,UPS,US,Marketing,INV-107-10623,ACH,A400,10000
624,2025-06-15,824.47,109,PrimeSource LLC,US,IT,INV-109-10624,Wire,A300,5000
625,2025-04-11,523.99,106,FedEx,US,Finance,INV-106-10625,Wire,A100,1000
626,2025-03-30,672.46,109,PrimeSource LLC,US,Sales,INV-109-10626,ACH,A300,5000
627,2025-03-06,562.86,104,Dell,US,HR,INV-104-10627,Wire,A200,2500
628,2025-05-21,4722.72,104,Dell,US,Finance,INV-104-10628,Wire,A100,1000
629,2025-02-20,240.61,108,QuickFix Consulting,US,Marketing,INV-108-10629,ACH,A300,5000
630,2025-03-02,610.74,112,Unknown Vendor,CN,Sales,INV-112-10630,Card,A300,5000
631,2025-06-07,416.57,102,Staples,US,IT,INV-102-10631,ACH,A200,2500
632,2025-02-13,4830.5,111,Oceanic Trading,KY,IT,INV-111-10632,Wire,A300,5000
633,2025-03-12,583.94,101,Amazon Business,US,IT,INV-101-10633,Wire,A200,2500
634,2025-03-20,335.69,106,FedEx,US,Operations,INV-106-10634,Check,A400,10000
635,2025-03-13,92.14,108,QuickFix Consulting,US,Sales,INV-108-10635,ACH,A200,2500
636,2025-01-20,571.42,103,Office Depot,US,Sales,INV-103-10636,Wire,A300,5000
637,2025-01-10,207.23,101,Amazon Business,US,Sales,INV-101-10637,ACH,A400,10000
638,2025-05-31,216.51,109,PrimeSource LLC,US,IT,INV-109-10638,Card,A200,2500
639,2025-04-04,99.69,112,Unknown Vendor,CN,IT,INV-112-10639,Wire,A400,10000
640,2025-02-10,143.53,109,PrimeSource LLC,US,Finance,INV-109-10640,Wire,A200,2500
641,2025-05-05,1065.72,103,Office Depot,US,Sales,INV-103-10641,Wire,A400,10000
642,2025-05-13,608.36,104,Dell,US,Finance,INV-104-10642,Check,A300,5000
643,2025-06-16,1063.61,106,FedEx,US,HR,INV-106-10643,Card,A400,10000
644,2025-04-07,521.74,106,FedEx,US,Finance,INV-106-10644,Check,A300,5000
645,2025-02-27,351.17,111,Oceanic Trading,KY,HR,INV-111-10645,Check,A100,1000
646,2025-06-04,444.26,109,PrimeSource LLC,US,HR,INV-109-10646,Check,A300,5000
647,2025-06-14,87.84,101,Amazon Business,US,Sales,INV-101-10647,Wire,A400,10000
648,2025-01-31,549.78,105,Microsoft,US,Operations,INV-105-10648,Wire,A200,2500
649,2025-05-03,443.73,111,Oceanic Trading,KY,Operations,INV-111-10649,Card,A300,5000
650,2025-05-27,57.97,108,QuickFix Consulting,US,Operations,INV-108-10650,Wire,A400,10000
651,2025-02-12,1502.15,110,Global Supplies HK,HK,Operations,INV-110-10651,Wire,A100,1000
652,2025-03-14,3884.69,105,Microsoft,US,Operations,INV-105-10652,Card,A100,1000
653,2025-04-16,1599.32,102,Staples,US,Operations,INV-102-10653,Card,A400,10000
654,2025-04-27,623.32,110,Global Supplies HK,HK,Operations,INV-110-10654,Wire,A300,5000
655,2025-01-05,136.35,110,Global Supplies HK,HK,Sales,INV-110-10655,ACH,A200,2500
656,2025-06-07,176.13,104,Dell,US,Sales,INV-104-10656,Card,A200,2500
657,2025-06-04,134.69,110,Global Supplies HK,HK,Finance,INV-110-10657,ACH,A100,1000
658,2025-05-16,58.23,109,PrimeSource LLC,US,Finance,INV-109-10658,Card,A400,10000
659,2025-06-28,728.07,107,UPS,US,Operations,INV-107-10659,Card,A400,10000
660,2025-01-22,693.96,110,Global Supplies HK,HK,Finance,INV-110-10660,Card,A200,2500
661,2025-01-02,644.05,105,Microsoft,US,Sales,INV-105-10661,Card,A300,5000
662,2025-03-22,200.77,110,Global Supplies HK,HK,Sales,INV-110-10662,ACH,A100,1000
663,2025-03-08,535.13,107,UPS,US,IT,INV-107-10663,ACH,A200,2500
664,2025-02-22,12949.08,109,PrimeSource LLC,US,HR,INV-109-10664,Check,A300,5000
665,2025-03-06,508.32,107,UPS,US,Sales,INV-107-10665,Card,A200,2500
666,2025-06-18,772.4,105,Microsoft,US,Sales,INV-105-10666,Check,A400,10000
667,2025-01-26,855.34,102,Staples,US,Marketing,INV-102-10667,Wire,A400,10000
668,2025-06-25,3417.5,104,Dell,US,Sales,INV-104-10668,Card,A300,5000
669,2025-01-24,5105.81,112,Unknown Vendor,CN,Finance,INV-112-10669,Wire,A400,10000
670,2025-01-21,215.16,103,Office Depot,US,HR,INV-103-10670,Card,A100,1000
671,2025-06-02,478.48,110,Global Supplies HK,HK,Finance,INV-110-10671,Card,A400,10000
672,2025-05-13,768.5,101,Amazon Business,US,Operations,INV-101-10672,Card,A400,10000
673,2025-04-03,613.14,105,Microsoft,US,Operations,INV-105-10673,ACH,A200,2500
674,2025-04-13,262.82,104,Dell,US,Marketing,INV-104-10674,ACH,A200,2500
675,2025-06-30,475.61,106,FedEx,US,Marketing,INV-106-10675,Card,A400,10000
676,2025-02-27,737.65,102,Staples,US,Finance,INV-102-10676,Check,A300,5000
677,2025-04-15,249.77,110,Global Supplies HK,HK,Operations,INV-110-10677,Card,A400,10000
678,2025-05-12,122.97,109,PrimeSource LLC,US,Finance,INV-109-10678,ACH,A300,5000
679,2025-03-04,16263.37,105,Microsoft,US,Sales,INV-105-10679,Check,A400,10000
680,2025-04-08,246.88,106,FedEx,US,HR,INV-106-10680,Card,A100,1000
681,2025-05-18,330.72,111,Oceanic Trading,KY,Operations,INV-111-10681,Wire,A300,5000
682,2025-03-29,371.06,101,Amazon Business,US,Marketing,INV-101-10682,Check,A200,2500
683,2025-05-27,212.34,102,Staples,US,Sales,INV-102-10683,Wire,A400,10000
684,2025-03-03,226.68,105,Microsoft,US,Operations,INV-105-10684,Wire,A400,10000
685,2025-04-02,6718.49,105,Microsoft,US,Operations,INV-105-10685,Wire,A200,2500
686,2025-06-07,603.81,103,Office Depot,US,Finance,INV-103-10686,ACH,A100,1000
687,2025-05-28,297.57,101,Amazon Business,US,Sales,INV-101-10687,ACH,A400,10000
688,2025-02-02,680.15,105,Microsoft,US,HR,INV-105-10688,Wire,A300,5000
689,2025-03-30,1033.51,101,Amazon Business,US,Sales,INV-101-10689,Card,A400,10000
690,2025-04-28,18964.89,107,UPS,US,Marketing,INV-107-10690,Wire,A400,10000
691,2025-01-26,353.9,106,FedEx,US,Marketing,INV-106-10691,ACH,A100,1000
692,2025-05-01,228.68,106,FedEx,US,IT,INV-106-10692,Check,A200,2500
693,2025-06-29,205.27,110,Global Supplies HK,HK,IT,INV-110-10693,Check,A200,2500
694,2025-05-28,522.84,106,FedEx,US,IT,INV-106-10694,Card,A300,5000
695,2025-04-08,3176.89,111,Oceanic Trading,KY,Operations,INV-111-10695,ACH,A300,5000
696,2025-05-08,1624.09,104,Dell,US,Operations,INV-104-10696,Wire,A400,10000
697,2025-05-26,514.68,103,Office Depot,US,Marketing,INV-103-10697,Check,A400,10000
698,2025-05-02,736.16,101,Amazon Business,US,HR,INV-101-10698,ACH,A200,2500
699,2025-05-23,337.07,111,Oceanic Trading,KY,Finance,INV-111-10699,Card,A300,5000
700,2025-06-05,783.28,105,Microsoft,US,IT,INV-105-10700,ACH,A400,10000
701,2025-05-05,612.41,104,Dell,US,Sales,INV-104-10701,Wire,A300,5000
702,2025-02-07,428.1,112,Unknown Vendor,CN,HR,INV-112-10702,ACH,A400,10000
703,2025-01-19,523.04,103,Office Depot,US,Marketing,INV-103-10703,Check,A400,10000
704,2025-03-10,594.65,102,Staples,US,Operations,INV-102-10704,Check,A200,2500
705,2025-04-03,4101.99,110,Global Supplies HK,HK,Marketing,INV-110-10705,Card,A300,5000
706,2025-02-02,771.71,112,Unknown Vendor,CN,Sales,INV-112-10706,Card,A400,10000
707,2025-01-25,369.4,112,Unknown Vendor,CN,Operations,INV-112-10707,Check,A100,1000
708,2025-01-22,481.1,102,Staples,US,HR,INV-102-10708,ACH,A100,1000
709,2025-03-21,799.21,102,Staples,US,IT,INV-102-10709,Wire,A100,1000
710,2025-02-13,135.52,104,Dell,US,Operations,INV-104-10710,Check,A400,10000
711,2025-05-19,2815.49,101,Amazon Business,US,Finance,INV-101-10711,Check,A300,5000
712,2025-02-15,18952.46,105,Microsoft,US,Sales,INV-105-10712,Card,A200,2500
713,2025-03-21,582.78,110,Global Supplies HK,HK,Sales,INV-110-10713,Card,A400,10000
714,2025-03-08,341.89,106,FedEx,US,HR,INV-106-10714,Wire,A100,1000
715,2025-02-04,687.3,103,Office Depot,US,IT,INV-103-10715,ACH,A100,1000
716,2025-05-03,452.9,106,FedEx,US,IT,INV-106-10716,Card,A100,1000
717,2025-05-21,721.16,105,Microsoft,US,Finance,INV-105-10717,Card,A300,5000
718,2025-06-15,163.68,106,FedEx,US,Operations,INV-106-10718,Card,A400,10000
719,2025-05-13,570.28,107,UPS,US,HR,INV-107-10719,Wire,A300,5000
720,2025-03-10,488.11,110,Global Supplies HK,HK,Marketing,INV-110-10720,Check,A300,5000
721,2025-04-27,117.11,107,UPS,US,Operations,INV-107-10721,ACH,A200,2500
722,2025-01-13,37.07,110,Global Supplies HK,HK,HR,INV-110-10722,Check,A400,10000
723,2025-04-23,130.03,109,PrimeSource LLC,US,Finance,INV-109-10723,Wire,A100,1000
724,2025-03-29,454.35,112,Unknown Vendor,CN,Finance,INV-112-10724,Wire,A100,1000
725,2025-03-26,716.45,107,UPS,US,IT,INV-107-10725,Card,A300,5000
726,2025-05-01,82.82,102,Staples,US,Operations,INV-102-10726,ACH,A300,5000
727,2025-03-05,1400.04,103,Office Depot,US,Operations,INV-103-10727,Check,A400,10000
728,2025-01-25,667.08,107,UPS,US,HR,INV-107-10728,Wire,A100,1000
729,2025-03-24,865.87,109,PrimeSource LLC,US,Marketing,INV-109-10729,Wire,A400,10000
730,2025-02-20,581.9,103,Office Depot,US,Marketing,INV-103-10730,ACH,A100,1000
731,2025-01-04,402.06,106,FedEx,US,Finance,INV-106-10731,Wire,A100,1000
732,2025-01-11,27.86,103,Office Depot,US,IT,INV-103-10732,ACH,A400,10000
733,2025-02-10,98.74,110,Global Supplies HK,HK,Marketing,INV-110-10733,Card,A200,2500
734,2025-06-29,587.23,108,QuickFix Consulting,US,Finance,INV-108-10734,Check,A100,1000
735,2025-06-15,883.87,109,PrimeSource LLC,US,Finance,INV-109-10735,Wire,A400,10000
736,2025-02-04,335.19,106,FedEx,US,HR,INV-106-10736,Wire,A100,1000
737,2025-05-06,497.61,105,Microsoft,US,Finance,INV-105-10737,Card,A400,10000
738,2025-06-03,432.19,104,Dell,US,Sales,INV-104-10738,Wire,A300,5000
739,2025-05-19,741.09,109,PrimeSource LLC,US,Operations,INV-109-10739,ACH,A200,2500
740,2025-06-08,796.98,106,FedEx,US,HR,INV-106-10740,ACH,A400,10000
741,2025-05-18,599.29,106,FedEx,US,Sales,INV-106-10741,Wire,A300,5000
742,2025-06-14,303.89,107,UPS,US,Operations,INV-107-10742,Card,A200,2500
743,2025-02-15,845.26,106,FedEx,US,Finance,INV-106-10743,ACH,A100,1000
744,2025-06-14,48.0,101,Amazon Business,US,Operations,INV-101-10744,ACH,A400,10000
745,2025-01-19,214.24,107,UPS,US,Marketing,INV-107-10745,Card,A300,5000
746,2025-04-03,582.25,101,Amazon Business,US,Operations,INV-101-10746,Card,A100,1000
747,2025-06-07,71.3,109,PrimeSource LLC,US,Marketing,INV-109-10747,Card,A300,5000
748,2025-02-25,1219.54,105,Microsoft,US,Sales,INV-105-10748,ACH,A100,1000
749,2025-05-15,186.73,109,PrimeSource LLC,US,Finance,INV-109-10749,ACH,A200,2500
750,2025-05-28,694.33,111,Oceanic Trading,KY,Operations,INV-111-10750,Wire,A400,10000
751,2025-02-16,1583.92,106,FedEx,US,Marketing,INV-106-10751,Card,A400,10000
752,2025-04-01,547.93,109,PrimeSource LLC,US,HR,INV-109-10752,Check,A200,2500
753,2025-03-24,577.25,106,FedEx,US,Sales,INV-106-10753,Check,A300,5000
754,2025-03-07,835.01,110,Global Supplies HK,HK,Operations,INV-110-10754,Wire,A400,10000
755,2025-03-14,50.5,106,FedEx,US,HR,INV-106-10755,Card,A400,10000
756,2025-02-24,886.27,110,Global Supplies HK,HK,Finance,INV-110-10756,Wire,A300,5000
757,2025-02-09,425.13,106,FedEx,US,Finance,INV-106-10757,Check,A200,2500
758,2025-01-24,733.75,103,Office Depot,US,IT,INV-103-10758,Check,A200,2500
759,2025-02-14,717.76,110,Global Supplies HK,HK,HR,INV-110-10759,Wire,A100,1000
760,2025-04-08,731.34,108,QuickFix Consulting,US,Marketing,INV-108-10760,ACH,A300,5000
761,2025-01-31,2680.65,102,Staples,US,Finance,INV-102-10761,Check,A300,5000
762,2025-03-23,481.46,104,Dell,US,Marketing,INV-104-10762,ACH,A400,10000
763,2025-01-13,214.3,109,PrimeSource LLC,US,Sales,INV-109-10763,Wire,A300,5000
764,2025-01-24,526.22,111,Oceanic Trading,KY,Marketing,INV-111-10764,Card,A400,10000
765,2025-05-02,315.83,104,Dell,US,HR,INV-104-10765,Check,A400,10000
766,2025-04-22,370.7,110,Global Supplies HK,HK,Marketing,INV-110-10766,ACH,A400,10000
767,2025-06-16,449.32,112,Unknown Vendor,CN,Operations,INV-112-10767,Wire,A400,10000
768,2025-03-24,703.56,110,Global Supplies HK,HK,Operations,INV-110-10768,Wire,A200,2500
769,2025-03-31,392.72,111,Oceanic Trading,KY,Sales,INV-111-10769,ACH,A100,1000
770,2025-03-31,168.94,104,Dell,US,IT,INV-104-10770,Check,A100,1000
771,2025-02-21,739.99,110,Global Supplies HK,HK,HR,INV-110-10771,Wire,A400,10000
772,2025-06-08,67.99,111,Oceanic Trading,KY,IT,INV-111-10772,Wire,A100,1000
773,2025-04-26,117.92,103,Office Depot,US,IT,INV-103-10773,ACH,A300,5000
774,2025-05-20,206.45,108,QuickFix Consulting,US,Finance,INV-108-10774,Check,A200,2500
775,2025-04-07,608.07,109,PrimeSource LLC,US,IT,INV-109-10775,Card,A200,2500
776,2025-06-28,269.93,110,Global Supplies HK,HK,Marketing,INV-110-10776,ACH,A300,5000
777,2025-04-10,27.33,110,Global Supplies HK,HK,IT,INV-110-10777,ACH,A400,10000
778,2025-06-16,783.32,111,Oceanic Trading,KY,IT,INV-111-10778,Check,A100,1000
779,2025-06-02,2887.11,107,UPS,US,Operations,INV-107-10779,Card,A100,1000
780,2025-01-06,423.03,109,PrimeSource LLC,US,Finance,INV-109-10780,Wire,A200,2500
781,2025-01-05,675.06,101,Amazon Business,US,Operations,INV-101-10781,Check,A300,5000
782,2025-05-09,227.86,106,FedEx,US,Marketing,INV-106-10782,Check,A300,5000
783,2025-01-08,4240.92,105,Microsoft,US,Finance,INV-105-10783,Check,A400,10000
784,2025-02-05,365.71,109,PrimeSource LLC,US,IT,INV-109-10784,Wire,A200,2500
785,2025-04-20,524.15,102,Staples,US,Marketing,INV-102-10785,Card,A200,2500
786,2025-02-05,201.95,105,Microsoft,US,Sales,INV-105-10786,Check,A400,10000
787,2025-05-15,640.52,110,Global Supplies HK,HK,Sales,INV-110-10787,Wire,A200,2500
788,2025-01-31,510.46,103,Office Depot,US,HR,INV-103-10788,Wire,A200,2500
789,2025-04-16,794.52,103,Office Depot,US,IT,INV-103-10789,Wire,A100,1000
790,2025-02-03,185.38,107,UPS,US,IT,INV-107-10790,Card,A300,5000
791,2025-01-07,223.2,103,Office Depot,US,Finance,INV-103-10791,Check,A200,2500
792,2025-06-16,552.15,106,FedEx,US,Finance,INV-106-10792,Card,A200,2500
793,2025-02-27,164.13,106,FedEx,US,Operations,INV-106-10793,Card,A400,10000
794,2025-06-21,9451.08,101,Amazon Business,US,HR,INV-101-10794,ACH,A300,5000
795,2025-06-07,4941.07,104,Dell,US,Operations,INV-104-10795,ACH,A200,2500
796,2025-01-11,2652.98,108,QuickFix Consulting,US,Marketing,INV-108-10796,Check,A400,10000
797,2025-05-27,846.44,110,Global Supplies HK,HK,Marketing,INV-110-10797,Card,A300,5000
798,2025-01-11,747.77,110,Global Supplies HK,HK,Sales,INV-110-10798,ACH,A100,1000
799,2025-06-11,474.19,104,Dell,US,Sales,INV-104-10799,Card,A100,1000
800,2025-03-15,288.01,101,Amazon Business,US,Operations,INV-101-10800,Check,A400,10000
801,2025-05-13,68.0,108,QuickFix Consulting,US,Operations,INV-108-10801,Card,A300,5000
802,2025-05-30,119.59,103,Office Depot,US,HR,INV-103-10802,Card,A100,1000
803,2025-02-15,416.78,112,Unknown Vendor,CN,Sales,INV-112-10803,Wire,A400,10000
804,2025-06-16,305.19,108,QuickFix Consulting,US,Sales,INV-108-10804,Wire,A400,10000
805,2025-04-03,415.47,112,Unknown Vendor,CN,Operations,INV-112-10805,ACH,A100,1000
806,2025-02-13,354.93,102,Staples,US,Sales,INV-102-10806,Card,A200,2500
807,2025-01-14,1633.35,106,FedEx,US,Sales,INV-106-10807,Wire,A200,2500
808,2025-02-03,179.01,107,UPS,US,IT,INV-107-10808,Check,A400,10000
809,2025-05-20,772.76,104,Dell,US,Finance,INV-104-10809,Check,A100,1000
810,2025-04-27,600.33,101,Amazon Business,US,Sales,INV-101-10810,Card,A200,2500
811,2025-06-08,501.66,107,UPS,US,HR,INV-107-10811,ACH,A100,1000
812,2025-03-31,68.46,111,Oceanic Trading,KY,Sales,INV-111-10812,Wire,A100,1000
813,2025-01-28,97.18,101,Amazon Business,US,Operations,INV-101-10813,ACH,A300,5000
814,2025-06-02,628.53,107,UPS,US,Operations,INV-107-10814,Wire,A300,5000
815,2025-01-10,336.97,110,Global Supplies HK,HK,Sales,INV-110-10815,Wire,A400,10000
816,2025-04-20,4263.09,102,Staples,US,IT,INV-102-10816,Check,A300,5000
817,2025-03-12,631.27,109,PrimeSource LLC,US,Finance,INV-109-10817,Check,A400,10000
818,2025-01-28,558.61,106,FedEx,US,Sales,INV-106-10818,Card,A200,2500
819,2025-06-30,552.2,110,Global Supplies HK,HK,Marketing,INV-110-10819,ACH,A400,10000
820,2025-04-01,895.62,105,Microsoft,US,HR,INV-105-10820,Check,A300,5000
821,2025-06-06,178.32,103,Office Depot,US,Sales,INV-103-10821,Card,A400,10000
822,2025-06-10,41.11,104,Dell,US,Marketing,INV-104-10822,Check,A200,2500
823,2025-05-24,313.74,102,Staples,US,Marketing,INV-102-10823,Wire,A400,10000
824,2025-01-18,243.89,111,Oceanic Trading,KY,Operations,INV-111-10824,ACH,A200,2500
825,2025-04-12,313.29,105,Microsoft,US,IT,INV-105-10825,Check,A100,1000
826,2025-06-22,753.77,112,Unknown Vendor,CN,Sales,INV-112-10826,ACH,A200,2500
827,2025-05-18,571.94,108,QuickFix Consulting,US,HR,INV-108-10827,ACH,A200,2500
828,2025-06-23,2127.31,106,FedEx,US,HR,INV-106-10828,Card,A100,1000
829,2025-04-01,311.91,106,FedEx,US,Sales,INV-106-10829,ACH,A200,2500
830,2025-05-17,350.21,102,Staples,US,Operations,INV-102-10830,Check,A100,1000
831,2025-03-20,780.84,103,Office Depot,US,Sales,INV-103-10831,Card,A200,2500
832,2025-03-02,457.41,112,Unknown Vendor,CN,IT,INV-112-10832,ACH,A300,5000
833,2025-04-06,174.01,106,FedEx,US,HR,INV-106-10833,Check,A200,2500
834,2025-05-09,723.14,101,Amazon Business,US,Operations,INV-101-10834,ACH,A400,10000
835,2025-03-25,480.79,103,Office Depot,US,Operations,INV-103-10835,Check,A400,10000
836,2025-05-14,424.24,103,Office Depot,US,Finance,INV-103-10836,Wire,A200,2500
837,2025-01-23,542.97,102,Staples,US,Finance,INV-102-10837,Check,A100,1000
838,2025-03-21,599.91,106,FedEx,US,HR,INV-106-10838,ACH,A100,1000
839,2025-03-12,189.44,101,Amazon Business,US,Sales,INV-101-10839,Check,A200,2500
840,2025-01-30,158.6,109,PrimeSource LLC,US,IT,INV-109-10840,Card,A100,1000
841,2025-03-11,503.44,101,Amazon Business,US,Sales,INV-101-10841,ACH,A200,2500
842,2025-03-28,294.01,103,Office Depot,US,Marketing,INV-103-10842,Check,A200,2500
843,2025-01-13,814.9,109,PrimeSource LLC,US,HR,INV-109-10843,ACH,A200,2500
844,2025-06-02,177.51,102,Staples,US,HR,INV-102-10844,ACH,A100,1000
845,2025-06-21,739.35,110,Global Supplies HK,HK,Marketing,INV-110-10845,Card,A300,5000
846,2025-06-28,726.07,109,PrimeSource LLC,US,Finance,INV-109-10846,Card,A200,2500
847,2025-04-30,644.99,108,QuickFix Consulting,US,Finance,INV-108-10847,Card,A300,5000
848,2025-04-04,3429.46,108,QuickFix Consulting,US,Operations,INV-108-10848,Wire,A200,2500
849,2025-05-02,46.63,107,UPS,US,Operations,INV-107-10849,Check,A300,5000
850,2025-03-31,2057.26,102,Staples,US,IT,INV-102-10850,Card,A400,10000
851,2025-01-28,648.56,110,Global Supplies HK,HK,Sales,INV-110-10851,Wire,A100,1000
852,2025-04-16,372.72,106,FedEx,US,Sales,INV-106-10852,ACH,A300,5000
853,2025-03-29,12676.33,104,Dell,US,Sales,INV-104-10853,Wire,A200,2500
854,2025-06-27,321.14,104,Dell,US,Marketing,INV-104-10854,Card,A400,10000
855,2025-03-25,544.55,104,Dell,US,Operations,INV-104-10855,ACH,A400,10000
856,2025-06-03,377.1,109,PrimeSource LLC,US,Finance,INV-109-10856,Card,A200,2500
857,2025-01-24,600.94,102,Staples,US,Marketing,INV-102-10857,Card,A300,5000
858,2025-03-16,418.62,104,Dell,US,Operations,INV-104-10858,ACH,A200,2500
859,2025-03-18,792.13,107,UPS,US,Sales,INV-107-10859,Card,A200,2500
860,2025-01-23,825.3,110,Global Supplies HK,HK,Marketing,INV-110-10860,Check,A400,10000
861,2025-05-21,1155.88,110,Global Supplies HK,HK,Finance,INV-110-10861,Card,A200,2500
862,2025-03-02,4449.29,101,Amazon Business,US,Finance,INV-101-10862,Check,A100,1000
863,2025-04-22,377.31,107,UPS,US,Marketing,INV-107-10863,Card,A300,5000
864,2025-04-03,508.77,109,PrimeSource LLC,US,Operations,INV-109-10864,Wire,A400,10000
865,2025-01-05,83.14,107,UPS,US,Operations,INV-107-10865,Check,A200,2500
866,2025-02-05,7715.51,103,Office Depot,US,Marketing,INV-103-10866,Card,A400,10000
867,2025-04-19,419.87,111,Oceanic Trading,KY,HR,INV-111-10867,Card,A400,10000
868,2025-01-02,393.8,109,PrimeSource LLC,US,HR,INV-109-10868,Card,A300,5000
869,2025-04-04,500.63,110,Global Supplies HK,HK,HR,INV-110-10869,Wire,A300,5000
870,2025-06-26,443.75,101,Amazon Business,US,Finance,INV-101-10870,Card,A300,5000
871,2025-06-06,480.55,102,Staples,US,Operations,INV-102-10871,Check,A400,10000
872,2025-05-29,494.49,102,Staples,US,Operations,INV-102-10872,Card,A100,1000
873,2025-04-27,29.49,105,Microsoft,US,Sales,INV-105-10873,ACH,A300,5000
874,2025-03-17,880.43,109,PrimeSource LLC,US,HR,INV-109-10874,Check,A400,10000
875,2025-01-16,516.06,105,Microsoft,US,Operations,INV-105-10875,ACH,A300,5000
876,2025-06-09,276.74,111,Oceanic Trading,KY,HR,INV-111-10876,Wire,A100,1000
877,2025-03-13,87.64,101,Amazon Business,US,IT,INV-101-10877,Card,A100,1000
878,2025-01-29,958.23,105,Microsoft,US,Operations,INV-105-10878,Check,A300,5000
879,2025-06-29,174.35,110,Global Supplies HK,HK,Operations,INV-110-10879,Wire,A400,10000
880,2025-02-07,94.27,104,Dell,US,HR,INV-104-10880,Wire,A100,1000
881,2025-04-23,229.39,110,Global Supplies HK,HK,Operations,INV-110-10881,Card,A400,10000
882,2025-01-14,760.81,112,Unknown Vendor,CN,Marketing,INV-112-10882,Wire,A200,2500
883,2025-03-19,370.9,111,Oceanic Trading,KY,IT,INV-111-10883,ACH,A100,1000
884,2025-03-09,363.26,108,QuickFix Consulting,US,Marketing,INV-108-10884,Wire,A400,10000
885,2025-04-08,5059.49,103,Office Depot,US,Sales,INV-103-10885,Card,A100,1000
886,2025-04-21,3513.44,111,Oceanic Trading,KY,IT,INV-111-10886,ACH,A100,1000
887,2025-03-07,726.04,110,Global Supplies HK,HK,Marketing,INV-110-10887,Check,A300,5000
888,2025-06-22,679.2,111,Oceanic Trading,KY,Sales,INV-111-10888,Card,A400,10000
889,2025-01-03,29.31,110,Global Supplies HK,HK,Operations,INV-110-10889,Check,A200,2500
890,2025-03-31,623.24,102,Staples,US,Finance,INV-102-10890,Card,A100,1000
891,2025-01-24,40.86,104,Dell,US,Marketing,INV-104-10891,Check,A300,5000
892,2025-06-04,125.58,101,Amazon Business,US,Sales,INV-101-10892,Wire,A100,1000
893,2025-04-30,242.94,103,Office Depot,US,HR,INV-103-10893,Wire,A100,1000
894,2025-06-20,629.15,111,Oceanic Trading,KY,Finance,INV-111-10894,Card,A300,5000
895,2025-04-10,74.9,106,FedEx,US,IT,INV-106-10895,Wire,A100,1000
896,2025-02-21,81.07,106,FedEx,US,Finance,INV-106-10896,Check,A300,5000
897,2025-04-21,495.76,110,Global Supplies HK,HK,HR,INV-110-10897,Wire,A400,10000
898,2025-01-19,110.89,104,Dell,US,Sales,INV-104-10898,ACH,A400,10000
899,2025-06-17,13844.08,102,Staples,US,Sales,INV-102-10899,Check,A400,10000
900,2025-04-11,636.05,111,Oceanic Trading,KY,Finance,INV-111-10900,ACH,A400,10000
901,2025-01-18,762.76,110,Global Supplies HK,HK,Finance,INV-110-10901,Card,A400,10000
902,2025-05-04,21359.53,109,PrimeSource LLC,US,Operations,INV-109-10902,ACH,A400,10000
903,2025-06-11,372.54,102,Staples,US,Sales,INV-102-10903,Check,A300,5000
904,2025-03-16,424.48,111,Oceanic Trading,KY,Finance,INV-111-10904,Check,A300,5000
905,2025-03-18,18214.68,111,Oceanic Trading,KY,Operations,INV-111-10905,Wire,A100,1000
906,2025-04-23,798.99,112,Unknown Vendor,CN,HR,INV-112-10906,ACH,A300,5000
907,2025-06-01,653.37,112,Unknown Vendor,CN,Operations,INV-112-10907,Wire,A100,1000
908,2025-05-08,586.2,104,Dell,US,HR,INV-104-10908,Card,A100,1000
909,2025-01-11,317.19,109,PrimeSource LLC,US,HR,INV-109-10909,ACH,A100,1000
910,2025-05-18,4467.82,107,UPS,US,Finance,INV-107-10910,Wire,A400,10000
911,2025-06-17,144.6,103,Office Depot,US,Marketing,INV-103-10911,Wire,A100,1000
912,2025-02-14,134.87,101,Amazon Business,US,HR,INV-101-10912,ACH,A200,2500
913,2025-06-01,170.21,111,Oceanic Trading,KY,Finance,INV-111-10913,Check,A100,1000
914,2025-01-17,561.75,102,Staples,US,Finance,INV-102-10914,ACH,A400,10000
915,2025-05-28,12936.78,104,Dell,US,HR,INV-104-10915,Check,A400,10000
916,2025-03-27,541.92,109,PrimeSource LLC,US,Operations,INV-109-10916,Check,A200,2500
917,2025-04-05,167.88,102,Staples,US,Finance,INV-102-10917,Check,A200,2500
918,2025-01-26,1066.87,109,PrimeSource LLC,US,Operations,INV-109-10918,Card,A200,2500
919,2025-01-02,448.53,111,Oceanic Trading,KY,Sales,INV-111-10919,Card,A200,2500
920,2025-05-02,730.52,101,Amazon Business,US,Operations,INV-101-10920,ACH,A300,5000
921,2025-04-16,480.32,112,Unknown Vendor,CN,Operations,INV-112-10921,Wire,A200,2500
922,2025-01-23,558.6,104,Dell,US,Operations,INV-104-10922,ACH,A200,2500
923,2025-01-31,227.36,111,Oceanic Trading,KY,IT,INV-111-10923,Check,A400,10000
924,2025-02-23,571.29,109,PrimeSource LLC,US,Finance,INV-109-10924,Check,A200,2500
925,2025-05-02,623.01,105,Microsoft,US,Finance,INV-105-10925,Wire,A100,1000
926,2025-02-23,340.49,108,QuickFix Consulting,US,Operations,INV-108-10926,Wire,A100,1000
927,2025-05-18,671.57,107,UPS,US,IT,INV-107-10927,Check,A400,10000
928,2025-03-02,82.36,103,Office Depot,US,Operations,INV-103-10928,ACH,A400,10000
929,2025-03-25,615.63,112,Unknown Vendor,CN,HR,INV-112-10929,Check,A400,10000
930,2025-02-21,669.22,104,Dell,US,Finance,INV-104-10930,Check,A200,2500
931,2025-04-22,67.82,107,UPS,US,Operations,INV-107-10931,ACH,A400,10000
932,2025-02-19,140.04,103,Office Depot,US,Operations,INV-103-10932,Card,A200,2500
933,2025-05-26,48.24,111,Oceanic Trading,KY,IT,INV-111-10933,Check,A200,2500
934,2025-02-13,2780.17,101,Amazon Business,US,IT,INV-101-10934,Wire,A100,1000
935,2025-06-06,581.44,106,FedEx,US,Operations,INV-106-10935,Check,A200,2500
936,2025-02-25,479.16,103,Office Depot,US,Sales,INV-103-10936,Wire,A100,1000
937,2025-03-05,396.74,110,Global Supplies HK,HK,HR,INV-110-10937,Card,A300,5000
938,2025-02-08,3326.26,104,Dell,US,IT,INV-104-10938,Card,A200,2500
939,2025-05-10,434.17,110,Global Supplies HK,HK,Finance,INV-110-10939,Card,A100,1000
940,2025-01-26,3756.28,101,Amazon Business,US,HR,INV-101-10940,Card,A400,10000
941,2025-04-15,30.93,108,QuickFix Consulting,US,HR,INV-108-10941,Wire,A100,1000
942,2025-01-05,899.08,104,Dell,US,Operations,INV-104-10942,Check,A300,5000
943,2025-05-30,774.97,108,QuickFix Consulting,US,Marketing,INV-108-10943,Check,A200,2500
944,2025-04-05,2561.98,101,Amazon Business,US,HR,INV-101-10944,Card,A200,2500
945,2025-05-16,627.86,111,Oceanic Trading,KY,HR,INV-111-10945,ACH,A100,1000
946,2025-05-28,559.0,101,Amazon Business,US,IT,INV-101-10946,Card,A300,5000
947,2025-06-22,68.23,104,Dell,US,Marketing,INV-104-10947,ACH,A300,5000
948,2025-04-04,564.84,106,FedEx,US,Finance,INV-106-10948,ACH,A400,10000
949,2025-05-19,314.74,106,FedEx,US,Operations,INV-106-10949,ACH,A200,2500
950,2025-03-24,689.58,102,Staples,US,Marketing,INV-102-10950,Card,A200,2500
951,2025-04-26,348.08,106,FedEx,US,IT,INV-106-10951,Card,A300,5000
952,2025-05-17,616.91,108,QuickFix Consulting,US,Sales,INV-108-10952,ACH,A400,10000
953,2025-01-23,797.9,105,Microsoft,US,HR,INV-105-10953,Check,A100,1000
954,2025-02-12,6538.95,102,Staples,US,HR,INV-102-10954,Wire,A300,5000
955,2025-06-10,199.75,105,Microsoft,US,Finance,INV-105-10955,Wire,A400,10000
956,2025-06-15,389.71,101,Amazon Business,US,IT,INV-101-10956,Card,A200,2500
957,2025-05-14,725.75,101,Amazon Business,US,IT,INV-101-10957,Wire,A100,1000
958,2025-05-05,712.41,111,Oceanic Trading,KY,IT,INV-111-10958,Card,A300,5000
959,2025-03-20,136.12,110,Global Supplies HK,HK,Marketing,INV-110-10959,Card,A400,10000
960,2025-01-13,273.57,103,Office Depot,US,IT,INV-103-10960,Wire,A400,10000
961,2025-02-11,17372.6,103,Office Depot,US,IT,INV-103-10961,Check,A400,10000
962,2025-06-27,21786.63,112,Unknown Vendor,CN,Sales,INV-112-10962,Check,A200,2500
963,2025-05-28,894.52,111,Oceanic Trading,KY,Operations,INV-111-10963,Wire,A200,2500
964,2025-01-09,514.99,103,Office Depot,US,HR,INV-103-10964,Check,A300,5000
965,2025-02-11,495.08,111,Oceanic Trading,KY,IT,INV-111-10965,Check,A200,2500
966,2025-02-07,459.49,109,PrimeSource LLC,US,IT,INV-109-10966,ACH,A100,1000
967,2025-05-10,15922.91,108,QuickFix Consulting,US,IT,INV-108-10967,Wire,A100,1000
968,2025-05-27,4875.38,106,FedEx,US,Marketing,INV-106-10968,Check,A400,10000
969,2025-01-11,663.84,111,Oceanic Trading,KY,Operations,INV-111-10969,Card,A300,5000
970,2025-02-26,563.42,103,Office Depot,US,Marketing,INV-103-10970,ACH,A300,5000
971,2025-05-30,584.36,108,QuickFix Consulting,US,IT,INV-108-10971,ACH,A300,5000
972,2025-04-25,493.8,109,PrimeSource LLC,US,Operations,INV-109-10972,Check,A200,2500
973,2025-06-04,299.63,111,Oceanic Trading,KY,Marketing,INV-111-10973,ACH,A400,10000
974,2025-04-05,771.35,109,PrimeSource LLC,US,Finance,INV-109-10974,Check,A400,10000
975,2025-04-25,291.12,107,UPS,US,IT,INV-107-10975,ACH,A300,5000
976,2025-04-24,385.74,109,PrimeSource LLC,US,Finance,INV-109-10976,Wire,A400,10000
977,2025-01-23,536.72,105,Microsoft,US,Operations,INV-105-10977,Card,A400,10000
978,2025-03-27,15506.02,103,Office Depot,US,Operations,INV-103-10978,Check,A400,10000
979,2025-03-11,582.15,102,Staples,US,Sales,INV-102-10979,Card,A100,1000
980,2025-03-16,752.41,107,UPS,US,Operations,INV-107-10980,Card,A200,2500
981,2025-05-24,2146.05,109,PrimeSource LLC,US,HR,INV-109-10981,ACH,A300,5000
982,2025-03-18,155.54,112,Unknown Vendor,CN,HR,INV-112-10982,Wire,A100,1000
983,2025-04-17,805.56,111,Oceanic Trading,KY,Marketing,INV-111-10983,Card,A100,1000
984,2025-01-18,263.95,103,Office Depot,US,HR,INV-103-10984,Wire,A100,1000
985,2025-06-10,784.14,110,Global Supplies HK,HK,Marketing,INV-110-10985,Check,A400,10000
986,2025-03-08,526.23,111,Oceanic Trading,KY,HR,INV-111-10986,ACH,A300,5000
987,2025-02-04,792.92,103,Office Depot,US,Sales,INV-103-10987,ACH,A200,2500
988,2025-04-02,579.9,106,FedEx,US,Operations,INV-106-10988,ACH,A300,5000
989,2025-02-16,694.47,101,Amazon Business,US,IT,INV-101-10989,Check,A100,1000
990,2025-06-25,4289.97,102,Staples,US,Sales,INV-102-10990,Wire,A300,5000
991,2025-02-06,329.43,105,Microsoft,US,IT,INV-105-10991,Check,A100,1000
992,2025-02-11,382.56,101,Amazon Business,US,Operations,INV-101-10992,Check,A300,5000
993,2025-05-24,4159.94,102,Staples,US,Operations,INV-102-10993,Wire,A200,2500
994,2025-02-03,87.23,110,Global Supplies HK,HK,Marketing,INV-110-10994,ACH,A400,10000
995,2025-04-24,142.33,101,Amazon Business,US,HR,INV-101-10995,Check,A300,5000
996,2025-01-31,45.31,110,Global Supplies HK,HK,Sales,INV-110-10996,Check,A200,2500
997,2025-01-21,204.66,104,Dell,US,Operations,INV-104-10997,Wire,A200,2500
998,2025-04-21,446.14,107,UPS,US,Marketing,INV-107-10998,ACH,A100,1000
999,2025-01-16,471.86,101,Amazon Business,US,Operations,INV-101-10999,ACH,A100,1000
1000,2025-01-25,607.48,108,QuickFix Consulting,US,Finance,INV-108-11000,Check,A100,1000
1001,2025-01-24,329.35,102,Staples,US,Sales,INV-102-11001,Wire,A200,2500
1002,2025-06-06,772.52,103,Office Depot,US,Marketing,INV-103-11002,Check,A300,5000
1003,2025-05-16,4029.3,104,Dell,US,Sales,INV-104-11003,ACH,A100,1000
1004,2025-01-02,683.54,104,Dell,US,Marketing,INV-104-11004,Wire,A300,5000
1005,2025-04-23,538.65,112,Unknown Vendor,CN,Finance,INV-112-11005,Wire,A400,10000
1006,2025-05-12,13481.84,111,Oceanic Trading,KY,Finance,INV-111-11006,Wire,A300,5000
1007,2025-02-04,117.08,104,Dell,US,HR,INV-104-11007,ACH,A300,5000
1008,2025-04-09,454.47,108,QuickFix Consulting,US,IT,INV-108-11008,Check,A100,1000
1009,2025-04-20,378.41,105,Microsoft,US,HR,INV-105-11009,Check,A400,10000
1010,2025-05-06,898.88,104,Dell,US,Finance,INV-104-11010,Card,A300,5000
1011,2025-01-31,615.34,111,Oceanic Trading,KY,Finance,INV-111-11011,Card,A400,10000
1012,2025-02-13,805.34,103,Office Depot,US,HR,INV-103-11012,Card,A100,1000
1013,2025-04-14,762.75,102,Staples,US,IT,INV-102-11013,Wire,A300,5000
1014,2025-05-29,647.87,102,Staples,US,Operations,INV-102-11014,Card,A400,10000
1015,2025-04-14,550.79,110,Global Supplies HK,HK,IT,INV-110-11015,Card,A300,5000
1016,2025-03-06,115.07,108,QuickFix Consulting,US,Sales,INV-108-11016,Check,A200,2500
1017,2025-01-18,669.26,108,QuickFix Consulting,US,HR,INV-108-11017,Wire,A200,2500
1018,2025-02-09,617.7,108,QuickFix Consulting,US,Marketing,INV-108-11018,ACH,A200,2500
1019,2025-05-07,477.56,105,Microsoft,US,Sales,INV-105-11019,ACH,A100,1000
1020,2025-03-29,250.27,108,QuickFix Consulting,US,Operations,INV-108-11020,Check,A400,10000
1021,2025-01-31,22602.51,109,PrimeSource LLC,US,Sales,INV-109-11021,ACH,A100,1000
1022,2025-02-15,51.66,107,UPS,US,HR,INV-107-11022,Check,A400,10000
1023,2025-04-10,138.35,109,PrimeSource LLC,US,Marketing,INV-109-11023,Check,A200,2500
1024,2025-05-10,771.83,108,QuickFix Consulting,US,Finance,INV-108-11024,Card,A400,10000
1025,2025-06-23,352.46,101,Amazon Business,US,HR,INV-101-11025,Check,A400,10000
1026,2025-04-04,59.7,106,FedEx,US,IT,INV-106-11026,Check,A100,1000
1027,2025-04-02,396.77,106,FedEx,US,Marketing,INV-106-11027,ACH,A300,5000
1028,2025-06-01,590.31,107,UPS,US,IT,INV-107-11028,ACH,A200,2500
1029,2025-05-18,169.41,102,Staples,US,Marketing,INV-102-11029,ACH,A300,5000
1030,2025-03-10,813.24,106,FedEx,US,Finance,INV-106-11030,Card,A400,10000
1031,2025-04-10,12554.75,101,Amazon Business,US,Marketing,INV-101-11031,Card,A100,1000
1032,2025-03-28,614.1,106,FedEx,US,Sales,INV-106-11032,ACH,A400,10000
1033,2025-04-22,339.73,108,QuickFix Consulting,US,Sales,INV-108-11033,Check,A200,2500
1034,2025-05-27,61.83,104,Dell,US,HR,INV-104-11034,ACH,A200,2500
1035,2025-05-26,260.56,107,UPS,US,Operations,INV-107-11035,ACH,A100,1000
1036,2025-03-19,87.46,109,PrimeSource LLC,US,HR,INV-109-11036,Card,A200,2500
1037,2025-06-09,374.02,109,PrimeSource LLC,US,IT,INV-109-11037,Card,A300,5000
1038,2025-02-17,474.28,109,PrimeSource LLC,US,HR,INV-109-11038,Wire,A100,1000
1039,2025-06-07,581.38,110,Global Supplies HK,HK,HR,INV-110-11039,Wire,A400,10000
1040,2025-02-08,150.01,107,UPS,US,Sales,INV-107-11040,ACH,A200,2500
1041,2025-01-17,776.96,112,Unknown Vendor,CN,Marketing,INV-112-11041,Check,A400,10000
1042,2025-03-07,3548.77,111,Oceanic Trading,KY,Operations,INV-111-11042,Card,A300,5000
1043,2025-01-08,151.97,111,Oceanic Trading,KY,Sales,INV-111-11043,Wire,A400,10000
1044,2025-06-15,403.8,104,Dell,US,IT,INV-104-11044,Card,A400,10000
1045,2025-03-13,247.39,101,Amazon Business,US,Operations,INV-101-11045,Wire,A300,5000
1046,2025-01-06,14716.84,111,Oceanic Trading,KY,Sales,INV-111-11046,Wire,A100,1000
1047,2025-04-15,4592.36,101,Amazon Business,US,Finance,INV-101-11047,Check,A300,5000
1048,2025-02-05,3869.36,106,FedEx,US,Marketing,INV-106-11048,ACH,A400,10000
1049,2025-06-03,99.42,104,Dell,US,Finance,INV-104-11049,ACH,A300,5000
1050,2025-04-19,3950.23,102,Staples,US,IT,INV-102-11050,Check,A400,10000
1051,2025-04-15,261.6,104,Dell,US,Operations,INV-104-11051,ACH,A200,2500
1052,2025-01-29,635.66,105,Microsoft,US,Sales,INV-105-11052,ACH,A400,10000
1053,2025-02-07,867.72,106,FedEx,US,Sales,INV-106-11053,Card,A400,10000
1054,2025-06-05,870.79,106,FedEx,US,HR,INV-106-11054,Check,A300,5000
1055,2025-06-13,358.53,101,Amazon Business,US,Marketing,INV-101-11055,ACH,A200,2500
1056,2025-04-11,2492.73,112,Unknown Vendor,CN,IT,INV-112-11056,ACH,A200,2500
1057,2025-02-11,776.29,105,Microsoft,US,IT,INV-105-11057,ACH,A200,2500
1058,2025-01-21,261.15,108,QuickFix Consulting,US,Marketing,INV-108-11058,Check,A400,10000
1059,2025-01-26,791.55,108,QuickFix Consulting,US,HR,INV-108-11059,Card,A300,5000
1060,2025-05-21,549.86,103,Office Depot,US,Marketing,INV-103-11060,Check,A100,1000
1061,2025-02-17,584.41,112,Unknown Vendor,CN,IT,INV-112-11061,Card,A100,1000
1062,2025-03-22,572.9,111,Oceanic Trading,KY,HR,INV-111-11062,Wire,A100,1000
1063,2025-06-16,647.94,110,Global Supplies HK,HK,Finance,INV-110-11063,ACH,A200,2500
1064,2025-02-04,788.69,103,Office Depot,US,Sales,INV-103-11064,Card,A300,5000
1065,2025-02-16,8991.14,105,Microsoft,US,Operations,INV-105-11065,Check,A300,5000
1066,2025-06-15,4684.76,107,UPS,US,HR,INV-107-11066,Wire,A100,1000
1067,2025-06-29,8965.32,110,Global Supplies HK,HK,Marketing,INV-110-11067,Wire,A100,1000
1068,2025-04-05,151.34,103,Office Depot,US,Finance,INV-103-11068,Card,A400,10000
1069,2025-04-27,402.94,103,Office Depot,US,Sales,INV-103-11069,ACH,A100,1000
1070,2025-03-10,187.68,111,Oceanic Trading,KY,HR,INV-111-11070,ACH,A200,2500
1071,2025-06-03,773.58,105,Microsoft,US,Marketing,INV-105-11071,Card,A400,10000
1072,2025-01-08,717.37,104,Dell,US,IT,INV-104-11072,Wire,A400,10000
1073,2025-06-25,2415.51,105,Microsoft,US,IT,INV-105-11073,Wire,A400,10000
1074,2025-06-27,786.87,111,Oceanic Trading,KY,HR,INV-111-11074,ACH,A100,1000
1075,2025-03-07,667.77,107,UPS,US,Marketing,INV-107-11075,Wire,A400,10000
1076,2025-04-01,226.66,102,Staples,US,Finance,INV-102-11076,ACH,A100,1000
1077,2025-03-19,565.3,110,Global Supplies HK,HK,Marketing,INV-110-11077,ACH,A100,1000
1078,2025-05-29,16191.21,107,UPS,US,Marketing,INV-107-11078,Check,A200,2500
1079,2025-02-03,4499.38,103,Office Depot,US,IT,INV-103-11079,Wire,A400,10000
1080,2025-02-02,295.68,102,Staples,US,IT,INV-102-11080,Card,A200,2500
1081,2025-06-06,791.7,108,QuickFix Consulting,US,IT,INV-108-11081,Check,A400,10000
1082,2025-05-06,2193.73,105,Microsoft,US,Sales,INV-105-11082,Check,A400,10000
1083,2025-02-16,68.02,103,Office Depot,US,Sales,INV-103-11083,Card,A100,1000
1084,2025-05-07,404.06,101,Amazon Business,US,HR,INV-101-11084,Check,A200,2500
1085,2025-02-07,118.99,101,Amazon Business,US,HR,INV-101-11085,Check,A400,10000
1086,2025-02-13,1640.69,102,Staples,US,IT,INV-102-11086,ACH,A200,2500
1087,2025-05-15,875.03,112,Unknown Vendor,CN,Sales,INV-112-11087,Check,A200,2500
1088,2025-01-25,458.34,110,Global Supplies HK,HK,Operations,INV-110-11088,Card,A100,1000
1089,2025-01-28,539.5,106,FedEx,US,Finance,INV-106-11089,Check,A100,1000
1090,2025-05-03,642.78,106,FedEx,US,Operations,INV-106-11090,ACH,A100,1000
1091,2025-06-09,58.59,108,QuickFix Consulting,US,Marketing,INV-108-11091,Check,A100,1000
1092,2025-03-14,4186.39,108,QuickFix Consulting,US,IT,INV-108-11092,Wire,A200,2500
1093,2025-03-03,244.54,106,FedEx,US,Finance,INV-106-11093,ACH,A400,10000
1094,2025-03-14,705.95,107,UPS,US,Finance,INV-107-11094,ACH,A200,2500
1095,2025-03-21,724.97,111,Oceanic Trading,KY,Marketing,INV-111-11095,Wire,A100,1000
1096,2025-05-12,752.21,111,Oceanic Trading,KY,Sales,INV-111-11096,Wire,A300,5000
1097,2025-04-19,515.49,104,Dell,US,HR,INV-104-11097,Card,A400,10000
1098,2025-01-11,394.9,102,Staples,US,HR,INV-102-11098,Check,A200,2500
1099,2025-05-07,648.0,109,PrimeSource LLC,US,IT,INV-109-11099,Card,A200,2500
1100,2025-05-03,89.68,109,PrimeSource LLC,US,Marketing,INV-109-11100,ACH,A300,5000
1101,2025-03-17,3044.68,105,Microsoft,US,Operations,INV-105-11101,Wire,A300,5000
1102,2025-04-16,469.37,110,Global Supplies HK,HK,Finance,INV-110-11102,ACH,A100,1000
1103,2025-05-09,91.96,102,Staples,US,HR,INV-102-11103,Check,A300,5000
1104,2025-01-12,761.76,101,Amazon Business,US,Finance,INV-101-11104,Card,A200,2500
1105,2025-06-21,420.4,102,Staples,US,HR,INV-102-11105,Check,A300,5000
1106,2025-02-17,22426.9,108,QuickFix Consulting,US,Sales,INV-108-11106,Check,A300,5000
1107,2025-05-17,1335.96,104,Dell,US,Operations,INV-104-11107,ACH,A300,5000
1108,2025-04-28,597.1,101,Amazon Business,US,Finance,INV-101-11108,Card,A100,1000
1109,2025-04-03,877.05,112,Unknown Vendor,CN,HR,INV-112-11109,Card,A300,5000
1110,2025-02-18,138.9,112,Unknown Vendor,CN,Marketing,INV-112-11110,Card,A300,5000
1111,2025-06-16,590.79,102,Staples,US,Finance,INV-102-11111,Wire,A100,1000
1112,2025-05-02,427.81,104,Dell,US,HR,INV-104-11112,Wire,A100,1000
1113,2025-04-24,3929.0,107,UPS,US,Finance,INV-107-11113,ACH,A200,2500
1114,2025-05-26,197.18,108,QuickFix Consulting,US,HR,INV-108-11114,ACH,A400,10000
1115,2025-04-21,765.91,107,UPS,US,Finance,INV-107-11115,Check,A100,1000
1116,2025-06-01,447.77,107,UPS,US,HR,INV-107-11116,Check,A100,1000
1117,2025-04-19,484.91,112,Unknown Vendor,CN,Sales,INV-112-11117,Card,A200,2500
1118,2025-05-02,2610.26,110,Global Supplies HK,HK,IT,INV-110-11118,ACH,A300,5000
1119,2025-03-15,38.31,102,Staples,US,HR,INV-102-11119,Check,A400,10000
1120,2025-05-31,466.72,112,Unknown Vendor,CN,Operations,INV-112-11120,Card,A300,5000
1121,2025-04-10,3864.28,111,Oceanic Trading,KY,IT,INV-111-11121,Card,A200,2500
1122,2025-06-09,763.19,107,UPS,US,Marketing,INV-107-11122,Check,A400,10000
1123,2025-06-05,195.55,104,Dell,US,IT,INV-104-11123,ACH,A400,10000
1124,2025-01-13,204.3,108,QuickFix Consulting,US,Finance,INV-108-11124,Card,A400,10000
1125,2025-05-09,173.75,101,Amazon Business,US,IT,INV-101-11125,Check,A300,5000
1126,2025-05-24,219.49,101,Amazon Business,US,Finance,INV-101-11126,Check,A400,10000
1127,2025-05-23,697.05,104,Dell,US,HR,INV-104-11127,Check,A300,5000
1128,2025-04-28,2695.09,105,Microsoft,US,Operations,INV-105-11128,ACH,A100,1000
1129,2025-01-31,167.0,102,Staples,US,Finance,INV-102-11129,ACH,A100,1000
1130,2025-05-08,690.53,104,Dell,US,IT,INV-104-11130,Wire,A300,5000
1131,2025-02-21,141.24,112,Unknown Vendor,CN,Finance,INV-112-11131,Wire,A300,5000
1132,2025-03-15,2842.02,108,QuickFix Consulting,US,HR,INV-108-11132,ACH,A200,2500
1133,2025-04-03,684.26,109,PrimeSource LLC,US,Operations,INV-109-11133,ACH,A300,5000
1134,2025-02-28,486.09,111,Oceanic Trading,KY,Marketing,INV-111-11134,Wire,A200,2500
1135,2025-05-13,4802.55,103,Office Depot,US,HR,INV-103-11135,Card,A400,10000
1136,2025-05-13,28.75,111,Oceanic Trading,KY,IT,INV-111-11136,ACH,A400,10000
1137,2025-04-22,699.69,102,Staples,US,Finance,INV-102-11137,Check,A300,5000
1138,2025-06-11,1137.02,101,Amazon Business,US,HR,INV-101-11138,ACH,A200,2500
1139,2025-05-22,619.17,112,Unknown Vendor,CN,Marketing,INV-112-11139,Check,A400,10000
1140,2025-05-16,266.21,105,Microsoft,US,Marketing,INV-105-11140,Check,A300,5000
1141,2025-06-09,801.07,110,Global Supplies HK,HK,Operations,INV-110-11141,Card,A400,10000
1142,2025-04-14,4104.41,110,Global Supplies HK,HK,Marketing,INV-110-11142,Card,A300,5000
1143,2025-02-02,363.19,104,Dell,US,IT,INV-104-11143,ACH,A100,1000
1144,2025-05-14,505.57,109,PrimeSource LLC,US,Sales,INV-109-11144,Check,A200,2500
1145,2025-06-01,721.01,106,FedEx,US,Marketing,INV-106-11145,Wire,A100,1000
1146,2025-01-16,7208.84,105,Microsoft,US,Operations,INV-105-11146,Check,A400,10000
1147,2025-02-01,592.85,106,FedEx,US,IT,INV-106-11147,Check,A100,1000
1148,2025-05-29,227.77,108,QuickFix Consulting,US,IT,INV-108-11148,ACH,A400,10000
1149,2025-05-27,606.89,110,Global Supplies HK,HK,Marketing,INV-110-11149,Wire,A300,5000
1150,2025-02-19,474.48,111,Oceanic Trading,KY,Operations,INV-111-11150,Card,A200,2500
1151,2025-01-21,749.03,106,FedEx,US,HR,INV-106-11151,ACH,A200,2500
1152,2025-04-05,412.62,102,Staples,US,Finance,INV-102-11152,Card,A200,2500
1153,2025-06-12,3295.65,111,Oceanic Trading,KY,Sales,INV-111-11153,Card,A400,10000
1154,2025-02-02,1491.82,107,UPS,US,HR,INV-107-11154,Card,A400,10000
1155,2025-05-16,15263.71,108,QuickFix Consulting,US,Marketing,INV-108-11155,Card,A200,2500
1156,2025-05-24,676.92,102,Staples,US,Marketing,INV-102-11156,Wire,A400,10000
1157,2025-01-11,523.15,106,FedEx,US,Finance,INV-106-11157,Card,A100,1000
1158,2025-03-17,349.52,109,PrimeSource LLC,US,Operations,INV-109-11158,ACH,A300,5000
1159,2025-03-20,391.15,108,QuickFix Consulting,US,Finance,INV-108-11159,Wire,A200,2500
1160,2025-01-18,501.83,105,Microsoft,US,Operations,INV-105-11160,Wire,A400,10000
1161,2025-04-07,812.25,101,Amazon Business,US,HR,INV-101-11161,Card,A300,5000
1162,2025-04-26,425.62,108,QuickFix Consulting,US,Marketing,INV-108-11162,Wire,A200,2500
1163,2025-06-09,569.8,111,Oceanic Trading,KY,HR,INV-111-11163,Wire,A300,5000
1164,2025-06-21,60.32,107,UPS,US,HR,INV-107-11164,Wire,A400,10000
1165,2025-05-27,3799.56,108,QuickFix Consulting,US,Marketing,INV-108-11165,Check,A100,1000
1166,2025-06-08,94.93,111,Oceanic Trading,KY,Marketing,INV-111-11166,Check,A100,1000
1167,2025-01-05,462.32,109,PrimeSource LLC,US,Sales,INV-109-11167,ACH,A200,2500
1168,2025-06-30,201.11,102,Staples,US,Marketing,INV-102-11168,Wire,A100,1000
1169,2025-01-06,59.59,110,Global Supplies HK,HK,HR,INV-110-11169,ACH,A300,5000
1170,2025-04-08,484.55,106,FedEx,US,HR,INV-106-11170,Wire,A400,10000
1171,2025-02-16,271.11,105,Microsoft,US,Finance,INV-105-11171,ACH,A100,1000
1172,2025-01-16,18572.17,105,Microsoft,US,Finance,INV-105-11172,Wire,A300,5000
1173,2025-01-26,282.26,110,Global Supplies HK,HK,IT,INV-110-11173,Wire,A100,1000
1174,2025-01-31,848.59,106,FedEx,US,Operations,INV-106-11174,Card,A300,5000
1175,2025-04-09,682.1,101,Amazon Business,US,Operations,INV-101-11175,Wire,A200,2500
1176,2025-05-04,378.23,102,Staples,US,IT,INV-102-11176,ACH,A300,5000
1177,2025-06-22,867.86,101,Amazon Business,US,HR,INV-101-11177,Wire,A100,1000
1178,2025-06-12,412.46,102,Staples,US,Operations,INV-102-11178,Wire,A300,5000
1179,2025-03-04,168.01,109,PrimeSource LLC,US,Operations,INV-109-11179,Wire,A300,5000
1180,2025-06-08,428.89,109,PrimeSource LLC,US,HR,INV-109-11180,Card,A100,1000
1181,2025-03-11,831.19,105,Microsoft,US,Marketing,INV-105-11181,Wire,A100,1000
1182,2025-05-11,1772.29,110,Global Supplies HK,HK,IT,INV-110-11182,Card,A300,5000
1183,2025-02-01,367.87,105,Microsoft,US,Finance,INV-105-11183,Wire,A100,1000
1184,2025-03-23,464.24,103,Office Depot,US,Marketing,INV-103-11184,Check,A400,10000
1185,2025-03-24,602.8,111,Oceanic Trading,KY,IT,INV-111-11185,Check,A400,10000
1186,2025-06-15,628.82,106,FedEx,US,Operations,INV-106-11186,Card,A300,5000
1187,2025-04-16,3658.1,101,Amazon Business,US,Sales,INV-101-11187,Card,A100,1000
1188,2025-06-16,712.83,109,PrimeSource LLC,US,Marketing,INV-109-11188,Card,A400,10000
1189,2025-04-07,330.64,111,Oceanic Trading,KY,Finance,INV-111-11189,ACH,A400,10000
1190,2025-01-03,4228.67,110,Global Supplies HK,HK,IT,INV-110-11190,Card,A200,2500
1191,2025-01-06,214.94,102,Staples,US,HR,INV-102-11191,Check,A200,2500
1192,2025-03-19,559.83,105,Microsoft,US,Marketing,INV-105-11192,Check,A200,2500
1193,2025-05-07,5735.92,112,Unknown Vendor,CN,Operations,INV-112-11193,Wire,A400,10000
1194,2025-04-12,742.59,112,Unknown Vendor,CN,Marketing,INV-112-11194,Wire,A100,1000
1195,2025-05-25,600.66,102,Staples,US,IT,INV-102-11195,Card,A200,2500
1196,2025-02-02,676.46,111,Oceanic Trading,KY,Marketing,INV-111-11196,Wire,A100,1000
1197,2025-06-27,616.62,105,Microsoft,US,Sales,INV-105-11197,Wire,A300,5000
1198,2025-06-22,395.86,111,Oceanic Trading,KY,Sales,INV-111-11198,Check,A400,10000
1199,2025-02-01,2568.19,111,Oceanic Trading,KY,Finance,INV-111-11199,Check,A400,10000
1200,2025-02-27,687.94,111,Oceanic Trading,KY,Sales,INV-111-11200,Card,A400,10000
1201,2025-02-17,768.84,110,Global Supplies HK,HK,Sales,INV-110-10097,Card,A300,5000
1202,2025-05-23,1155.88,110,Global Supplies HK,HK,Finance,INV-110-10861,Card,A200,2500
1203,2025-05-03,730.52,101,Amazon Business,US,Operations,INV-101-10920,ACH,A300,5000
1204,2025-06-14,353.92,111,Oceanic Trading,KY,Finance,INV-111-10011,Wire,A200,2500
1205,2025-04-10,141.32,103,Office Depot,US,IT,INV-103-10399,Wire,A400,10000
1206,2025-02-04,313.49,102,Staples,US,Marketing,INV-102-10168,Wire,A100,1000
1207,2025-01-13,841.12,107,UPS,US,Operations,INV-107-10052,ACH,A300,5000
1208,2025-03-24,415.62,103,Office Depot,US,Sales,INV-103-10463,ACH,A200,2500
1209,2025-01-02,393.8,109,PrimeSource LLC,US,HR,INV-109-10868,Card,A300,5000
1210,2025-01-18,659.85,104,Dell,US,Marketing,INV-104-10512,Wire,A300,5000
1211,2025-04-24,4800.0,101,Amazon Business,US,Finance,SPLIT-101-5939,Card,A300,5000
1212,2025-04-24,4700.0,101,Amazon Business,US,Finance,SPLIT-101-2077,ACH,A300,5000
1213,2025-04-24,1200.0,101,Amazon Business,US,Finance,SPLIT-101-1914,ACH,A300,5000
